Categaory,Product_name,Product_price,Product_url
HHP,SAMSUNG GALAXY S7 EDGE - NEW - RESMI SEIN,Rp3.400.000,https://www.bukalapak.com/p/handphone/hp-smartphone/2i7k45a-jual-samsung-galaxy-s7-edge-new-resmi-sein?from=trend&keyword=&funnel=omnisearch&product_owner=normal_seller&pos=0&cf=1&ssa=0&sort_origin=last_relist_at%3Adesc&search_sort_default=false&promoted=1
HHP,Samsung Galaxy S7 Edge Duos,Rp2.850.000,https://www.bukalapak.com/p/handphone/hp-smartphone/91jjm7-jual-samsung-galaxy-s7-edge-duos?from=trend&keyword=&funnel=omnisearch&product_owner=normal_seller&pos=1&cf=1&ssa=1&sort_origin=last_relist_at%3Adesc&search_sort_default=false&promoted=0
HHP,Samsung Galaxy S7 Flat Dual G930FD Resmi SEIN Original Murah Boss,Rp1.150.000,https://www.bukalapak.com/p/handphone/hp-smartphone/1r1txdm-jual-samsung-galaxy-s7-flat-dual-g930fd-resmi-sein-original-murah-boss?from=trend&keyword=&funnel=omnisearch&product_owner=normal_seller&pos=2&cf=1&ssa=1&sort_origin=last_relist_at%3Adesc&search_sort_default=false&promoted=0
HHP,Samsung Galaxy S7 Flat G930FD Duos Resmi SEIN paling Murah Boss,Rp1.125.000,https://www.bukalapak.com/p/handphone/hp-smartphone/1ffhs75-jual-samsung-galaxy-s7-flat-g930fd-duos-resmi-sein-paling-murah-boss?from=trend&keyword=&funnel=omnisearch&product_owner=normal_seller&pos=3&cf=1&ssa=1&sort_origin=last_relist_at%3Adesc&search_sort_default=false&promoted=0
HHP,Samsung Galaxy S7 Edge Garansi Resmi SEIN - BNIB,Rp6.020.000,https://www.bukalapak.com/p/handphone/hp-smartphone/9twqjw-jual-samsung-galaxy-s7-edge-garansi-resmi-sein-bnib?from=trend&keyword=&funnel=omnisearch&product_owner=normal_seller&pos=4&cf=1&ssa=1&sort_origin=last_relist_at%3Adesc&search_sort_default=false&promoted=0
HHP,Samsung Galaxy S7 Flat Duos SEIN Fullset Mulus,Rp2.150.000,https://www.bukalapak.com/p/handphone/hp-smartphone/fvh0ws-jual-samsung-galaxy-s7-flat-duos-sein-fullset-mulus?from=trend&keyword=&funnel=omnisearch&product_owner=normal_seller&pos=5&cf=1&ssa=1&sort_origin=last_relist_at%3Adesc&search_sort_default=false&promoted=0
HHP,Samsung Galaxy S7 edge Silver single sim super mulus ex inter USA fullset support GOJEK JKT,Rp4.749.000,https://www.bukalapak.com/p/handphone/hp-smartphone/8zakcc-jual-samsung-galaxy-s7-edge-silver-single-sim-super-mulus-ex-inter-usa-fullset-support-gojek-jkt?from=trend&keyword=&funnel=omnisearch&product_owner=normal_seller&pos=6&cf=1&ssa=1&sort_origin=last_relist_at%3Adesc&search_sort_default=false&promoted=0
HHP,ARMBAND CAPDASE 155A SAMSUNG GALAXY NOTE S5 S6 S7 EDGE A8 5 IPHONE 6 7,Rp124.000,https://www.bukalapak.com/p/handphone/hp-smartphone/hgmc5z-jual-armband-capdase-155a-samsung-galaxy-note-s5-s6-s7-edge-a8-5-iphone-6-7?from=trend&keyword=&funnel=omnisearch&product_owner=normal_seller&pos=7&cf=1&ssa=1&sort_origin=last_relist_at%3Adesc&search_sort_default=false&promoted=0
HHP,Nillkin nature Tpu softcase softjacket Samsung Galaxy S7,Rp65.000,https://www.bukalapak.com/p/handphone/hp-smartphone/hehlza-jual-nillkin-nature-tpu-softcase-softjacket-samsung-galaxy-s7?from=trend&keyword=&funnel=omnisearch&product_owner=normal_seller&pos=8&cf=1&ssa=1&sort_origin=last_relist_at%3Adesc&search_sort_default=false&promoted=0
HHP,Softjacket Nillkin Nature TPU case Samsung Galaxy S7,Rp65.000,https://www.bukalapak.com/p/handphone/hp-smartphone/heib9o-jual-softjacket-nillkin-nature-tpu-case-samsung-galaxy-s7?from=trend&keyword=&funnel=omnisearch&product_owner=normal_seller&pos=9&cf=1&ssa=1&sort_origin=last_relist_at%3Adesc&search_sort_default=false&promoted=0
HHP,Nillkin armor defender II Samsung Galaxy S7,Rp130.000,https://www.bukalapak.com/p/handphone/hp-smartphone/hehwwn-jual-nillkin-armor-defender-ii-samsung-galaxy-s7?from=trend&keyword=&funnel=omnisearch&product_owner=normal_seller&pos=10&cf=1&ssa=1&sort_origin=last_relist_at%3Adesc&search_sort_default=false&promoted=0
HHP,Garansi 1 Tahun Bantu Claim Samsung Galaxy S7 EDGE 32GB DUOS DUAL SIM FL,Rp10.425.000,https://www.bukalapak.com/p/handphone/hp-smartphone/1sx8g1e-jual-garansi-1-tahun-bantu-claim-samsung-galaxy-s7-edge-32gb-duos-dual-sim-fl?from=trend&keyword=&funnel=omnisearch&product_owner=normal_seller&pos=11&cf=1&ssa=1&sort_origin=last_relist_at%3Adesc&search_sort_default=false&promoted=0
HHP,XIAOMI Spesial Edition RAM 6GB ROM 128GB - NEW BNIB SEGEL-  Desain Style MEWAH PREMIUM - HIGH CLASS LAYAR MELENGKUNG Mirip Samsung Galaxy S7 EDGE,Rp6.250.000,https://www.bukalapak.com/p/handphone/hp-smartphone/am8rpa-jual-xiaomi-spesial-edition-ram-6gb-rom-128gb-new-bnib-segel-desain-style-mewah-premium-high-class-layar-melengkung-mirip-samsung-galaxy-s7-edge?from=trend&keyword=&funnel=omnisearch&product_owner=normal_seller&pos=12&cf=1&ssa=1&sort_origin=last_relist_at%3Adesc&search_sort_default=false&promoted=0
HHP,Garansi 1 Tahun Samsung Galaxy S7 EDGE 32GB BLACK DUOS DUAL SIM FL,Rp10.425.000,https://www.bukalapak.com/p/handphone/hp-smartphone/1sxbc1a-jual-garansi-1-tahun-samsung-galaxy-s7-edge-32gb-black-duos-dual-sim-fl?from=trend&keyword=&funnel=omnisearch&product_owner=normal_seller&pos=13&cf=1&ssa=1&sort_origin=last_relist_at%3Adesc&search_sort_default=false&promoted=0
HHP,SUPER SALE HP SAMSUNG GALAXY S7 EDGE DUOS 32GB ORIGINAL BNIB,Rp8.450.000,https://www.bukalapak.com/p/handphone/hp-smartphone/hpmkkh-jual-super-sale-hp-samsung-galaxy-s7-edge-duos-32gb-original-bnib?from=trend&keyword=&funnel=omnisearch&product_owner=normal_seller&pos=14&cf=1&ssa=1&sort_origin=last_relist_at%3Adesc&search_sort_default=false&promoted=0
HHP,MANTUL  SPECIAL PROMO  SAMSUNG GALAXY S7 EDGE ABSOLUTE BLACK 128 4  GRS RESMI AWET,Rp7.824.800,https://www.bukalapak.com/p/handphone/hp-smartphone/3rpwob9-jual-mantul-special-promo-samsung-galaxy-s7-edge-absolute-black-128-4-grs-resmi-awet?from=trend&keyword=&funnel=omnisearch&product_owner=normal_seller&pos=15&cf=1&ssa=1&sort_origin=last_relist_at%3Adesc&search_sort_default=false&promoted=0
HHP,Pengganti Lensa Kaca Kamera Belakang Untuk Samsung Galaxy S7   S7 Edge Unik,Rp103.700,https://www.bukalapak.com/p/handphone/hp-smartphone/3o2nqjv-jual-pengganti-lensa-kaca-kamera-belakang-untuk-samsung-galaxy-s7-s7-edge-unik?from=trend&keyword=&funnel=omnisearch&product_owner=normal_seller&pos=16&cf=1&ssa=1&sort_origin=last_relist_at%3Adesc&search_sort_default=false&promoted=0
HHP,SPESIAL DISC SAMSUNG GALAXY S7 BLACK   GOLD  BNIB SEGEL  GARANSI RESMI SEIN MEWAH,Rp5.685.800,https://www.bukalapak.com/p/handphone/hp-smartphone/3rq90p1-jual-spesial-disc-samsung-galaxy-s7-black-gold-bnib-segel-garansi-resmi-sein-mewah?from=trend&keyword=&funnel=omnisearch&product_owner=normal_seller&pos=17&cf=1&ssa=1&sort_origin=last_relist_at%3Adesc&search_sort_default=false&promoted=0
HHP,Konektor Connector SIM Samsung Galaxy S7 G930 S7 Edge G935,Rp72.000,https://www.bukalapak.com/p/handphone/hp-smartphone/3vinaom-jual-konektor-connector-sim-samsung-galaxy-s7-g930-s7-edge-g935?from=trend&keyword=&funnel=omnisearch&product_owner=normal_seller&pos=18&cf=1&ssa=1&sort_origin=last_relist_at%3Adesc&search_sort_default=false&promoted=0
HHP,Pengganti Lensa Kaca Kamera Belakang Untuk Samsung Galaxy S7   S7 Edge Unik,Rp103.700,https://www.bukalapak.com/p/handphone/hp-smartphone/3s19lnv-jual-pengganti-lensa-kaca-kamera-belakang-untuk-samsung-galaxy-s7-s7-edge-unik?from=trend&keyword=&funnel=omnisearch&product_owner=normal_seller&pos=19&cf=1&ssa=1&sort_origin=last_relist_at%3Adesc&search_sort_default=false&promoted=0
HHP,Samsung Galaxy Tab S7  Tab S7 Plus 8 256 GB  8GB 256GB  LTE 12 4 inch Garansi SEIN,Rp23.662.500,https://www.bukalapak.com/p/handphone/hp-smartphone/3uxr3k5-jual-samsung-galaxy-tab-s7-tab-s7-plus-8-256-gb-8gb-256gb-lte-12-4-inch-garansi-sein?from=trend&keyword=&funnel=omnisearch&product_owner=normal_seller&pos=20&cf=1&ssa=1&sort_origin=last_relist_at%3Adesc&search_sort_default=false&promoted=0
HHP,Samsung Galaxy S7 Flat   SM   G930F     Bekas   Hitam,Rp2.550.000,https://www.bukalapak.com/p/handphone/hp-smartphone/3ti0gqt-jual-samsung-galaxy-s7-flat-sm-g930f-bekas-hitam?from=trend&keyword=&funnel=omnisearch&product_owner=normal_seller&pos=21&cf=1&ssa=1&sort_origin=last_relist_at%3Adesc&search_sort_default=false&promoted=0
HHP,Konektor Connector SIM Samsung Galaxy S7 G930 S7 Edge G935,Rp97.000,https://www.bukalapak.com/p/handphone/hp-smartphone/3vaa7qe-jual-konektor-connector-sim-samsung-galaxy-s7-g930-s7-edge-g935?from=trend&keyword=&funnel=omnisearch&product_owner=normal_seller&pos=22&cf=1&ssa=1&sort_origin=last_relist_at%3Adesc&search_sort_default=false&promoted=0
HHP,Samsung Galaxy S7 G930F Original Unlocked 4G LTE Android Mobile Phone Exynos  5 1  12MP 5MP RAM 4GB ROM 32GB Black  Recomended,Rp3.010.600,https://www.bukalapak.com/p/handphone/hp-smartphone/3sidrru-jual-samsung-galaxy-s7-g930f-original-unlocked-4g-lte-android-mobile-phone-exynos-5-1-12mp-5mp-ram-4gb-rom-32gb-black-recomended?from=trend&keyword=&funnel=omnisearch&product_owner=normal_seller&pos=23&cf=1&ssa=1&sort_origin=last_relist_at%3Adesc&search_sort_default=false&promoted=0
HHP,Pengganti Digitizer Touch Screen Pengganti untuk Samsung Galaxy S7 Edge g935 Promo,Rp278.400,https://www.bukalapak.com/p/handphone/hp-smartphone/3o2m4oy-jual-pengganti-digitizer-touch-screen-pengganti-untuk-samsung-galaxy-s7-edge-g935-promo?from=trend&keyword=&funnel=omnisearch&product_owner=normal_seller&pos=24&cf=1&ssa=1&sort_origin=last_relist_at%3Adesc&search_sort_default=false&promoted=0
HHP,Samsung Galaxy S7 edge Bekas second mulus,Rp3.300.000,https://www.bukalapak.com/p/handphone/hp-smartphone/3tj9fba-jual-samsung-galaxy-s7-edge-bekas-second-mulus?from=trend&keyword=&funnel=omnisearch&product_owner=normal_seller&pos=25&cf=1&ssa=1&sort_origin=last_relist_at%3Adesc&search_sort_default=false&promoted=0
HHP,TG HOGO Full Glue SAMSUNG Galaxy S7   Hitam,Rp120.000,https://www.bukalapak.com/p/handphone/hp-smartphone/3v9tfsb-jual-tg-hogo-full-glue-samsung-galaxy-s7-hitam?from=trend&keyword=&funnel=omnisearch&product_owner=normal_seller&pos=26&cf=1&ssa=1&sort_origin=last_relist_at%3Adesc&search_sort_default=false&promoted=0
HHP,SAMSUNG GALAXY S7 edge   seken orisinil,Rp6.000.000,https://www.bukalapak.com/p/handphone/hp-smartphone/3va2a46-jual-samsung-galaxy-s7-edge-seken-orisinil?from=trend&keyword=&funnel=omnisearch&product_owner=normal_seller&pos=27&cf=1&ssa=1&sort_origin=last_relist_at%3Adesc&search_sort_default=false&promoted=0
HHP,Real 5D Curved Temped Glass For Samsung Galaxy S6 S7 edge S8 S9 Plus Full Cover,Rp121.800,https://www.bukalapak.com/p/handphone/hp-smartphone/3fe386k-jual-real-5d-curved-temped-glass-for-samsung-galaxy-s6-s7-edge-s8-s9-plus-full-cover?from=trend&keyword=&funnel=omnisearch&product_owner=normal_seller&pos=28&cf=1&ssa=1&sort_origin=last_relist_at%3Adesc&search_sort_default=false&promoted=0
HHP,TG HOGO Full Glue SAMSUNG Galaxy S7   Hitam,Rp110.500,https://www.bukalapak.com/p/handphone/hp-smartphone/3t4el4l-jual-tg-hogo-full-glue-samsung-galaxy-s7-hitam?from=trend&keyword=&funnel=omnisearch&product_owner=normal_seller&pos=29&cf=1&ssa=1&sort_origin=last_relist_at%3Adesc&search_sort_default=false&promoted=0
HHP,Samsung Galaxy Tab S7  6GB 128GB    Garansi Resmi,Rp18.298.500,https://www.bukalapak.com/p/handphone/hp-smartphone/3v19yrl-jual-samsung-galaxy-tab-s7-6gb-128gb-garansi-resmi?from=trend&keyword=&funnel=omnisearch&product_owner=normal_seller&pos=30&cf=1&ssa=1&sort_origin=last_relist_at%3Adesc&search_sort_default=false&promoted=0
HHP,Samsung Galaxy S7 Flat   SM   G930F     Bekas   Hitam,Rp2.550.000,https://www.bukalapak.com/p/handphone/hp-smartphone/3ti0gqt-jual-samsung-galaxy-s7-flat-sm-g930f-bekas-hitam?from=trend&keyword=&funnel=omnisearch&product_owner=normal_seller&pos=21&cf=1&ssa=1&sort_origin=last_relist_at%3Adesc&search_sort_default=false&promoted=0
HHP,TG HOGO Full Glue SAMSUNG Galaxy S7   Hitam,Rp110.500,https://www.bukalapak.com/p/handphone/hp-smartphone/3t4el4l-jual-tg-hogo-full-glue-samsung-galaxy-s7-hitam?from=trend&keyword=&funnel=omnisearch&product_owner=normal_seller&pos=29&cf=1&ssa=1&sort_origin=last_relist_at%3Adesc&search_sort_default=false&promoted=0
HHP,Pengganti Digitizer Touch Screen Pengganti untuk Samsung Galaxy S7 Edge g935 Promo,Rp278.400,https://www.bukalapak.com/p/handphone/hp-smartphone/3o2m4oy-jual-pengganti-digitizer-touch-screen-pengganti-untuk-samsung-galaxy-s7-edge-g935-promo?from=trend&keyword=&funnel=omnisearch&product_owner=normal_seller&pos=24&cf=1&ssa=1&sort_origin=last_relist_at%3Adesc&search_sort_default=false&promoted=0
HHP,Pengganti Lensa Kaca Kamera Belakang Untuk Samsung Galaxy S7   S7 Edge Unik,Rp103.700,https://www.bukalapak.com/p/handphone/hp-smartphone/3s19lnv-jual-pengganti-lensa-kaca-kamera-belakang-untuk-samsung-galaxy-s7-s7-edge-unik?from=trend&keyword=&funnel=omnisearch&product_owner=normal_seller&pos=19&cf=1&ssa=1&sort_origin=last_relist_at%3Adesc&search_sort_default=false&promoted=0
HHP,HARGA ANJLOK DISKON Hp Handphone Samsung Galaxy S7 Edge Rosegold 4 32gb PALING MURAH,Rp7.767.100,https://www.bukalapak.com/p/handphone/hp-smartphone/3r3teym-jual-harga-anjlok-diskon-hp-handphone-samsung-galaxy-s7-edge-rosegold-4-32gb-paling-murah?from=trend&keyword=&funnel=omnisearch&product_owner=normal_seller&pos=0&cf=1&ssa=1&sort_origin=last_relist_at%3Adesc&search_sort_default=false&promoted=0
HHP,Mi Note RAM 6GB Spesial Edition - BRAND NEW - Desain Style MEWAH PREMIUM - HIGH CLASS LAYAR MELENGKUNG Mirip Samsung Galaxy S7 EDGE,Rp3.000.000,https://www.bukalapak.com/p/handphone/hp-smartphone/2uu543f-jual-mi-note-ram-6gb-spesial-edition-brand-new-desain-style-mewah-premium-high-class-layar-melengkung-mirip-samsung-galaxy-s7-edge?from=trend&keyword=&funnel=omnisearch&product_owner=normal_seller&pos=1&cf=1&ssa=1&sort_origin=last_relist_at%3Adesc&search_sort_default=false&promoted=0
HHP,Real 5D Curved Temped Glass For Samsung Galaxy S6 S7 edge S8 S9 Plus Full Cover,Rp131.800,https://www.bukalapak.com/p/handphone/hp-smartphone/3t41bcb-jual-real-5d-curved-temped-glass-for-samsung-galaxy-s6-s7-edge-s8-s9-plus-full-cover?from=trend&keyword=&funnel=omnisearch&product_owner=normal_seller&pos=2&cf=1&ssa=1&sort_origin=last_relist_at%3Adesc&search_sort_default=false&promoted=0
HHP,Konektor Connector SIM Samsung Galaxy S7 G930 S7 Edge G935,Rp72.000,https://www.bukalapak.com/p/handphone/hp-smartphone/3vkldp3-jual-konektor-connector-sim-samsung-galaxy-s7-g930-s7-edge-g935?from=trend&keyword=&funnel=omnisearch&product_owner=normal_seller&pos=3&cf=1&ssa=1&sort_origin=last_relist_at%3Adesc&search_sort_default=false&promoted=0
HHP,Real 5D Curved Temped Glass For Samsung Galaxy S6 S7 edge S8 S9 Plus Full Cover Diskon,Rp128.200,https://www.bukalapak.com/p/handphone/hp-smartphone/3s1bzzs-jual-real-5d-curved-temped-glass-for-samsung-galaxy-s6-s7-edge-s8-s9-plus-full-cover-diskon?from=trend&keyword=&funnel=omnisearch&product_owner=normal_seller&pos=4&cf=1&ssa=1&sort_origin=last_relist_at%3Adesc&search_sort_default=false&promoted=0
HHP,SAMSUNG GALAXY S7 EDGE ( SM-G935 ) - BLUE - GARANSI RESMI SAMSUNG ELECTRONICS INDONESIA (SEIN) 1 TAHUN,Rp6.749.000,https://www.bukalapak.com/p/handphone/hp-smartphone/4wmqoz-jual-samsung-galaxy-s7-edge-sm-g935-blue-garansi-resmi-samsung-electronics-indonesia-sein-1-tahun?from=trend&keyword=&funnel=omnisearch&product_owner=normal_seller&pos=5&cf=1&ssa=1&sort_origin=last_relist_at%3Adesc&search_sort_default=false&promoted=0
HHP,SAMSUNG GALAXY S7 ( SM-G930 ) - GOLD - GARANSI RESMI SAMSUNG ELECTRONICS INDONESIA (SEIN) 1 TAHUN,Rp6.799.000,https://www.bukalapak.com/p/handphone/hp-smartphone/17n20f-jual-samsung-galaxy-s7-sm-g930-gold-garansi-resmi-samsung-electronics-indonesia-sein-1-tahun?from=trend&keyword=&funnel=omnisearch&product_owner=normal_seller&pos=6&cf=1&ssa=1&sort_origin=last_relist_at%3Adesc&search_sort_default=false&promoted=0
HHP,SAMSUNG GALAXY S7 ( SM-G930 ) - SILVER - GARANSI RESMI SAMSUNG ELECTRONICS INDONESIA (SEIN) 1 TAHUN,Rp6.699.000,https://www.bukalapak.com/p/handphone/hp-smartphone/17n45i-jual-samsung-galaxy-s7-sm-g930-silver-garansi-resmi-samsung-electronics-indonesia-sein-1-tahun?from=trend&keyword=&funnel=omnisearch&product_owner=normal_seller&pos=7&cf=1&ssa=1&sort_origin=last_relist_at%3Adesc&search_sort_default=false&promoted=0
HHP,SAMSUNG S View Cover Galaxy S7 Original,Rp298.500,https://www.bukalapak.com/p/handphone/hp-smartphone/3vqfmmc-jual-samsung-s-view-cover-galaxy-s7-original?from=trend&keyword=&funnel=omnisearch&product_owner=normal_seller&pos=8&cf=1&ssa=1&sort_origin=last_relist_at%3Adesc&search_sort_default=false&promoted=0
HHP,Samsung Galaxy S7 G930F Original Unlocked 4G LTE Android Mobile Phone Exynos  5 1  12MP 5MP RAM 4GB ROM 32GB Black Promo,Rp3.010.600,https://www.bukalapak.com/p/handphone/hp-smartphone/3rqagpe-jual-samsung-galaxy-s7-g930f-original-unlocked-4g-lte-android-mobile-phone-exynos-5-1-12mp-5mp-ram-4gb-rom-32gb-black-promo?from=trend&keyword=&funnel=omnisearch&product_owner=normal_seller&pos=9&cf=1&ssa=1&sort_origin=last_relist_at%3Adesc&search_sort_default=false&promoted=0
HHP,Real 5D Curved Temped Glass For Samsung Galaxy S6 S7 edge S8 S9 Plus Full Cover Diskon,Rp128.200,https://www.bukalapak.com/p/handphone/hp-smartphone/3o2odca-jual-real-5d-curved-temped-glass-for-samsung-galaxy-s6-s7-edge-s8-s9-plus-full-cover-diskon?from=trend&keyword=&funnel=omnisearch&product_owner=normal_seller&pos=10&cf=1&ssa=1&sort_origin=last_relist_at%3Adesc&search_sort_default=false&promoted=0
HHP,BARANG SULTAN 33 SAMSUNG GALAXY S7 FLAT  EX RESMI SEIN Handphone Phone HP MURAH CEE,Rp3.312.200,https://www.bukalapak.com/p/handphone/hp-smartphone/3rzqcif-jual-barang-sultan-33-samsung-galaxy-s7-flat-ex-resmi-sein-handphone-phone-hp-murah-cee?from=trend&keyword=&funnel=omnisearch&product_owner=normal_seller&pos=11&cf=1&ssa=1&sort_origin=last_relist_at%3Adesc&search_sort_default=false&promoted=0
HHP,Jual Pengganti Papan Pengganti untuk Edge 32GB g935 Samsung Galaxy S7 Diskon,Rp1.390.000,https://www.bukalapak.com/p/handphone/hp-smartphone/3tzlonb-jual-jual-pengganti-papan-pengganti-untuk-edge-32gb-g935-samsung-galaxy-s7-diskon?from=trend&keyword=&funnel=omnisearch&product_owner=normal_seller&pos=12&cf=1&ssa=1&sort_origin=last_relist_at%3Adesc&search_sort_default=false&promoted=0
HHP,Mewah High Class - XIAOMI MI NOTE - RAM 6GB ROM 128GB - NEW BNIB SEGEL-  LAYAR MELENGKUNG Mirip Samsung Galaxy S7 EDGE,Rp6.250.000,https://www.bukalapak.com/p/handphone/hp-smartphone/am8p1v-jual-mewah-high-class-xiaomi-mi-note-ram-6gb-rom-128gb-new-bnib-segel-layar-melengkung-mirip-samsung-galaxy-s7-edge?from=trend&keyword=&funnel=omnisearch&product_owner=normal_seller&pos=13&cf=1&ssa=1&sort_origin=last_relist_at%3Adesc&search_sort_default=false&promoted=0
HHP,Garansi 1 Tahun Bantu Claim Samsung Galaxy S7 EDGE 32GB DUOS DUAL SIM FS,Rp10.425.000,https://www.bukalapak.com/p/handphone/hp-smartphone/1sx3m4u-jual-garansi-1-tahun-bantu-claim-samsung-galaxy-s7-edge-32gb-duos-dual-sim-fs?from=trend&keyword=&funnel=omnisearch&product_owner=normal_seller&pos=14&cf=1&ssa=1&sort_origin=last_relist_at%3Adesc&search_sort_default=false&promoted=0
HHP,Konektor Connector SIM Samsung Galaxy S7 G930 S7 Edge G935,Rp72.000,https://www.bukalapak.com/p/handphone/hp-smartphone/3vki0n6-jual-konektor-connector-sim-samsung-galaxy-s7-g930-s7-edge-g935?from=trend&keyword=&funnel=omnisearch&product_owner=normal_seller&pos=15&cf=1&ssa=1&sort_origin=last_relist_at%3Adesc&search_sort_default=false&promoted=0
HHP,SAMSUNG GALAXY S7 EDGE - 32GB - BLUE CORAL - FREE SPEAKER BLUETOOTH PORTABLE JBL GO,Rp8.249.000,https://www.bukalapak.com/p/handphone/hp-smartphone/8anmt9-jual-samsung-galaxy-s7-edge-32gb-blue-coral-free-speaker-bluetooth-portable-jbl-go?from=trend&keyword=&funnel=omnisearch&product_owner=normal_seller&pos=16&cf=1&ssa=1&sort_origin=last_relist_at%3Adesc&search_sort_default=false&promoted=0
HHP,Real 5D Curved Temped Glass For Samsung Galaxy S6 S7 edge S8 S9 Plus Full Cover Promo,Rp128.200,https://www.bukalapak.com/p/handphone/hp-smartphone/3lnsstz-jual-real-5d-curved-temped-glass-for-samsung-galaxy-s6-s7-edge-s8-s9-plus-full-cover-promo?from=trend&keyword=&funnel=omnisearch&product_owner=normal_seller&pos=17&cf=1&ssa=1&sort_origin=last_relist_at%3Adesc&search_sort_default=false&promoted=0
HHP,LARIS BGT DISKON Hp Handphone Samsung Galaxy S7 Edge Rosegold 4 32gb MURAH ABIS,Rp7.767.100,https://www.bukalapak.com/p/handphone/hp-smartphone/3swpc0q-jual-laris-bgt-diskon-hp-handphone-samsung-galaxy-s7-edge-rosegold-4-32gb-murah-abis?from=trend&keyword=&funnel=omnisearch&product_owner=normal_seller&pos=18&cf=1&ssa=1&sort_origin=last_relist_at%3Adesc&search_sort_default=false&promoted=0
HHP,HARGA PROMO  b2k samsung galaxy s7 edge garansi resmi SEIN DISC GEDE,Rp9.629.100,https://www.bukalapak.com/p/handphone/hp-smartphone/3rccuc0-jual-harga-promo-b2k-samsung-galaxy-s7-edge-garansi-resmi-sein-disc-gede?from=trend&keyword=&funnel=omnisearch&product_owner=normal_seller&pos=19&cf=1&ssa=1&sort_origin=last_relist_at%3Adesc&search_sort_default=false&promoted=0
HHP,Jual Samsung Galaxy Tab S7 Plus  8GB 256GB  Free keyboard Garansi Resmi Sein Limited,Rp29.587.200,https://www.bukalapak.com/p/handphone/hp-smartphone/3tj8h91-jual-jual-samsung-galaxy-tab-s7-plus-8gb-256gb-free-keyboard-garansi-resmi-sein-limited?from=trend&keyword=&funnel=omnisearch&product_owner=normal_seller&pos=20&cf=1&ssa=1&sort_origin=last_relist_at%3Adesc&search_sort_default=false&promoted=0
HHP,Samsung Galaxy S7 Flat Ram 4GB Rom 32GB BNIB Ori Garansi International,Rp4.895.000,https://www.bukalapak.com/p/handphone/hp-smartphone/k6xgl6-jual-samsung-galaxy-s7-flat-ram-4gb-rom-32gb-bnib-ori-garansi-international?from=trend&keyword=&funnel=omnisearch&product_owner=normal_seller&pos=21&cf=1&ssa=1&sort_origin=last_relist_at%3Adesc&search_sort_default=false&promoted=0
HHP,Samsung Galaxy s7 Edge 128GB BNIB Original Terlaris Garansi International - Reove Store,Rp6.985.000,https://www.bukalapak.com/p/handphone/hp-smartphone/dgrvei-jual-samsung-galaxy-s7-edge-128gb-bnib-original-terlaris-garansi-international-reove-store?from=trend&keyword=&funnel=omnisearch&product_owner=normal_seller&pos=22&cf=1&ssa=1&sort_origin=last_relist_at%3Adesc&search_sort_default=false&promoted=0
HHP,Samsung Galaxy s7 Edge 32GB BNIB Terlaris Garansi Sein - Reove Store,Rp5.600.000,https://www.bukalapak.com/p/handphone/hp-smartphone/de6sw1-jual-samsung-galaxy-s7-edge-32gb-bnib-terlaris-garansi-sein-reove-store?from=trend&keyword=&funnel=omnisearch&product_owner=normal_seller&pos=23&cf=1&ssa=1&sort_origin=last_relist_at%3Adesc&search_sort_default=false&promoted=0
HHP,Samsung Galaxy J4 J6 J8 J2 2018 Note 5 8 9 S10 S9 S8 Plus J7 Pro 2017 S7 Edge Ph Promo,Rp101.400,https://www.bukalapak.com/p/handphone/hp-smartphone/3o2k7p2-jual-samsung-galaxy-j4-j6-j8-j2-2018-note-5-8-9-s10-s9-s8-plus-j7-pro-2017-s7-edge-ph-promo?from=trend&keyword=&funnel=omnisearch&product_owner=normal_seller&pos=24&cf=1&ssa=1&sort_origin=last_relist_at%3Adesc&search_sort_default=false&promoted=0
HHP,Samsung Galaxy S7 5.1inch Super Amoled Screen 4GB Ram 32GB Rom,Rp7.550.000,https://www.bukalapak.com/p/handphone/hp-smartphone/8bts8w-jual-samsung-galaxy-s7-5-1inch-super-amoled-screen-4gb-ram-32gb-rom?from=trend&keyword=&funnel=omnisearch&product_owner=normal_seller&pos=25&cf=1&ssa=1&sort_origin=last_relist_at%3Adesc&search_sort_default=false&promoted=0
HHP,Samsung Galaxy S7 EDGE DUOS,Rp5.275.000,https://www.bukalapak.com/p/handphone/hp-smartphone/1ucxx43-jual-samsung-galaxy-s7-edge-duos?from=trend&keyword=&funnel=omnisearch&product_owner=normal_seller&pos=26&cf=1&ssa=1&sort_origin=last_relist_at%3Adesc&search_sort_default=false&promoted=0
HHP,LED view cover original Samsung Galaxy S7 flat,Rp450.000,https://www.bukalapak.com/p/handphone/hp-smartphone/hehllh-jual-led-view-cover-original-samsung-galaxy-s7-flat?from=trend&keyword=&funnel=omnisearch&product_owner=normal_seller&pos=27&cf=1&ssa=1&sort_origin=last_relist_at%3Adesc&search_sort_default=false&promoted=0
HHP,Nillkin hardcase frosted shield case Samsung Galaxy S7 original,Rp70.000,https://www.bukalapak.com/p/handphone/hp-smartphone/hegy8p-jual-nillkin-hardcase-frosted-shield-case-samsung-galaxy-s7-original?from=trend&keyword=&funnel=omnisearch&product_owner=normal_seller&pos=28&cf=1&ssa=1&sort_origin=last_relist_at%3Adesc&search_sort_default=false&promoted=0
HHP,softcase softjacket tpu imak vega leather Samsung Galaxy S7,Rp120.000,https://www.bukalapak.com/p/handphone/hp-smartphone/heh7tg-jual-softcase-softjacket-tpu-imak-vega-leather-samsung-galaxy-s7?from=trend&keyword=&funnel=omnisearch&product_owner=normal_seller&pos=29&cf=1&ssa=1&sort_origin=last_relist_at%3Adesc&search_sort_default=false&promoted=0
HHP,Gliiter case baseus Samsung Galaxy S7,Rp90.000,https://www.bukalapak.com/p/handphone/hp-smartphone/hehx75-jual-gliiter-case-baseus-samsung-galaxy-s7?from=trend&keyword=&funnel=omnisearch&product_owner=normal_seller&pos=0&cf=1&ssa=1&sort_origin=last_relist_at%3Adesc&search_sort_default=false&promoted=0
HHP,Hardcase nillkin frosted shield case Samsung Galaxy S7,Rp70.000,https://www.bukalapak.com/p/handphone/hp-smartphone/hehwf5-jual-hardcase-nillkin-frosted-shield-case-samsung-galaxy-s7?from=trend&keyword=&funnel=omnisearch&product_owner=normal_seller&pos=1&cf=1&ssa=1&sort_origin=last_relist_at%3Adesc&search_sort_default=false&promoted=0
HHP,SAMSUNG GALAXY S7 EDGE - 32GB - BLUE CORAL - FREE SAMSUNG GEAR VR ORIGINAL,Rp7.999.000,https://www.bukalapak.com/p/handphone/hp-smartphone/8ao4rs-jual-samsung-galaxy-s7-edge-32gb-blue-coral-free-samsung-gear-vr-original?from=trend&keyword=&funnel=omnisearch&product_owner=normal_seller&pos=2&cf=1&ssa=1&sort_origin=last_relist_at%3Adesc&search_sort_default=false&promoted=0
HHP,SAMSUNG GALAXY S7 ( SM-G930 ) - BLACK - GARANSI RESMI SAMSUNG ELECTRONICS INDONESIA (SEIN) 1 TAHUN,Rp7.739.000,https://www.bukalapak.com/p/handphone/hp-smartphone/18qtji-jual-samsung-galaxy-s7-sm-g930-black-garansi-resmi-samsung-electronics-indonesia-sein-1-tahun?from=trend&keyword=&funnel=omnisearch&product_owner=normal_seller&pos=3&cf=1&ssa=1&sort_origin=last_relist_at%3Adesc&search_sort_default=false&promoted=0
HHP,KEREN BGT 33 SAMSUNG GALAXY S7 FLAT  EX RESMI SEIN Handphone Phone HP THE BEST,Rp3.312.200,https://www.bukalapak.com/p/handphone/hp-smartphone/3r3aue5-jual-keren-bgt-33-samsung-galaxy-s7-flat-ex-resmi-sein-handphone-phone-hp-the-best?from=trend&keyword=&funnel=omnisearch&product_owner=normal_seller&pos=4&cf=1&ssa=1&sort_origin=last_relist_at%3Adesc&search_sort_default=false&promoted=0
HHP,Samsung Galaxy S7 Edge - Sm-g935fd GOLD,Rp6.655.000,https://www.bukalapak.com/p/handphone/hp-smartphone/1dixxd-jual-samsung-galaxy-s7-edge-sm-g935fd-gold?from=trend&keyword=&funnel=omnisearch&product_owner=normal_seller&pos=5&cf=1&ssa=1&sort_origin=last_relist_at%3Adesc&search_sort_default=false&promoted=0
HHP,HARGA PROMO  33 SAMSUNG GALAXY S7 FLAT  EX RESMI SEIN Handphone Phone HP TERMURAH ABIS,Rp3.312.200,https://www.bukalapak.com/p/handphone/hp-smartphone/3um5529-jual-harga-promo-33-samsung-galaxy-s7-flat-ex-resmi-sein-handphone-phone-hp-termurah-abis?from=trend&keyword=&funnel=omnisearch&product_owner=normal_seller&pos=6&cf=1&ssa=1&sort_origin=last_relist_at%3Adesc&search_sort_default=false&promoted=0
HHP,TRENDY GAN Samsung Galaxy S7 Edge Docomo Au Fullset Mulus Original LANGSUNG SIKAT BOSS,Rp3.130.400,https://www.bukalapak.com/p/handphone/hp-smartphone/3ra4uie-jual-trendy-gan-samsung-galaxy-s7-edge-docomo-au-fullset-mulus-original-langsung-sikat-boss?from=trend&keyword=&funnel=omnisearch&product_owner=normal_seller&pos=7&cf=1&ssa=1&sort_origin=last_relist_at%3Adesc&search_sort_default=false&promoted=0
HHP,Hardcase Nillkin frosted shield case Samsung Galaxy S7 edge.,Rp70.000,https://www.bukalapak.com/p/handphone/hp-smartphone/hehz3s-jual-hardcase-nillkin-frosted-shield-case-samsung-galaxy-s7-edge?from=trend&keyword=&funnel=omnisearch&product_owner=normal_seller&pos=8&cf=1&ssa=1&sort_origin=last_relist_at%3Adesc&search_sort_default=false&promoted=0
HHP,THE BEST Bayar Dirumah Samsung Galaxy S7 Original Second Fullset ANJAYYY,Rp2.550.800,https://www.bukalapak.com/p/handphone/hp-smartphone/3trfp2u-jual-the-best-bayar-dirumah-samsung-galaxy-s7-original-second-fullset-anjayyy?from=trend&keyword=&funnel=omnisearch&product_owner=normal_seller&pos=9&cf=1&ssa=1&sort_origin=last_relist_at%3Adesc&search_sort_default=false&promoted=0
HHP,BAGUS BGT TERMURAH Hp Handphone Samsung Galaxy S7 edge Blue coral 4 32gb UNIK BGT,Rp7.549.800,https://www.bukalapak.com/p/handphone/hp-smartphone/3qpvyd0-jual-bagus-bgt-termurah-hp-handphone-samsung-galaxy-s7-edge-blue-coral-4-32gb-unik-bgt?from=trend&keyword=&funnel=omnisearch&product_owner=normal_seller&pos=10&cf=1&ssa=1&sort_origin=last_relist_at%3Adesc&search_sort_default=false&promoted=0
HHP,KHUSUS HARI INI TERMURAH Hp Handphone Samsung Galaxy S7 edge Blue coral 4 32gb ONGKIR MURAH,Rp7.549.800,https://www.bukalapak.com/p/handphone/hp-smartphone/3vd6t86-jual-khusus-hari-ini-termurah-hp-handphone-samsung-galaxy-s7-edge-blue-coral-4-32gb-ongkir-murah?from=trend&keyword=&funnel=omnisearch&product_owner=normal_seller&pos=11&cf=1&ssa=1&sort_origin=last_relist_at%3Adesc&search_sort_default=false&promoted=0
HHP,DISC GEDE b2k samsung galaxy s7 edge garansi resmi SEIN PALING MURAH,Rp9.629.100,https://www.bukalapak.com/p/handphone/hp-smartphone/3tw19vq-jual-disc-gede-b2k-samsung-galaxy-s7-edge-garansi-resmi-sein-paling-murah?from=trend&keyword=&funnel=omnisearch&product_owner=normal_seller&pos=12&cf=1&ssa=1&sort_origin=last_relist_at%3Adesc&search_sort_default=false&promoted=0
HHP,LAST STOCK Bayar Dirumah Samsung Galaxy S7 Original Second Fullset DISC GEDE,Rp2.550.800,https://www.bukalapak.com/p/handphone/hp-smartphone/3umed18-jual-last-stock-bayar-dirumah-samsung-galaxy-s7-original-second-fullset-disc-gede?from=trend&keyword=&funnel=omnisearch&product_owner=normal_seller&pos=13&cf=1&ssa=1&sort_origin=last_relist_at%3Adesc&search_sort_default=false&promoted=0
HHP,HARGA PROMOSI TERMURAH Hp Handphone Samsung Galaxy S7 edge Blue coral 4 32gb LARIS BGT,Rp7.549.800,https://www.bukalapak.com/p/handphone/hp-smartphone/3rcg6w5-jual-harga-promosi-termurah-hp-handphone-samsung-galaxy-s7-edge-blue-coral-4-32gb-laris-bgt?from=trend&keyword=&funnel=omnisearch&product_owner=normal_seller&pos=14&cf=1&ssa=1&sort_origin=last_relist_at%3Adesc&search_sort_default=false&promoted=0
HHP,LARIS BGT DISKON Hp Handphone Samsung Galaxy S7 Edge Rosegold 4 32gb MURAH ABIS,Rp7.767.100,https://www.bukalapak.com/p/handphone/hp-smartphone/3stj246-jual-laris-bgt-diskon-hp-handphone-samsung-galaxy-s7-edge-rosegold-4-32gb-murah-abis?from=trend&keyword=&funnel=omnisearch&product_owner=normal_seller&pos=15&cf=1&ssa=1&sort_origin=last_relist_at%3Adesc&search_sort_default=false&promoted=0
HHP,LAST STOCK 33 SAMSUNG GALAXY S7 FLAT  EX RESMI SEIN Handphone Phone HP HARGA PROMO,Rp3.312.200,https://www.bukalapak.com/p/handphone/hp-smartphone/3uc7fkj-jual-last-stock-33-samsung-galaxy-s7-flat-ex-resmi-sein-handphone-phone-hp-harga-promo?from=trend&keyword=&funnel=omnisearch&product_owner=normal_seller&pos=16&cf=1&ssa=1&sort_origin=last_relist_at%3Adesc&search_sort_default=false&promoted=0
HHP,Samsung Galaxy S7 Edge Pink Baru,Rp9.100.000,https://www.bukalapak.com/p/handphone/hp-smartphone/207nq4-jual-samsung-galaxy-s7-edge-pink-baru?from=trend&keyword=&funnel=omnisearch&product_owner=normal_seller&pos=17&cf=1&ssa=1&sort_origin=last_relist_at%3Adesc&search_sort_default=false&promoted=0
HHP,Samsung Galaxy S7 Duos,Rp4.050.000,https://www.bukalapak.com/p/handphone/hp-smartphone/8wsiow-jual-samsung-galaxy-s7-duos?from=trend&keyword=&funnel=omnisearch&product_owner=normal_seller&pos=18&cf=1&ssa=1&sort_origin=last_relist_at%3Adesc&search_sort_default=false&promoted=0
HHP,MURAH GUYS Samsung Galaxy S7 Edge Docomo Au Fullset Mulus Original ONGKIR MURAH,Rp3.130.400,https://www.bukalapak.com/p/handphone/hp-smartphone/3v4b3sq-jual-murah-guys-samsung-galaxy-s7-edge-docomo-au-fullset-mulus-original-ongkir-murah?from=trend&keyword=&funnel=omnisearch&product_owner=normal_seller&pos=19&cf=1&ssa=1&sort_origin=last_relist_at%3Adesc&search_sort_default=false&promoted=0
HHP,PALING MURAH Samsung Galaxy S7 Edge Docomo Au Fullset Mulus Original LANGSUNG SIKAT BOSS,Rp3.130.400,https://www.bukalapak.com/p/handphone/hp-smartphone/3qtd3dz-jual-paling-murah-samsung-galaxy-s7-edge-docomo-au-fullset-mulus-original-langsung-sikat-boss?from=trend&keyword=&funnel=omnisearch&product_owner=normal_seller&pos=20&cf=1&ssa=1&sort_origin=last_relist_at%3Adesc&search_sort_default=false&promoted=0
HHP,hardcase Imak crystal case II generation Samsung Galaxy S7.,Rp65.000,https://www.bukalapak.com/p/handphone/hp-smartphone/hegylq-jual-hardcase-imak-crystal-case-ii-generation-samsung-galaxy-s7?from=trend&keyword=&funnel=omnisearch&product_owner=normal_seller&pos=21&cf=1&ssa=1&sort_origin=last_relist_at%3Adesc&search_sort_default=false&promoted=0
HHP,Hardcase nillkin frosted shield original Samsung Galaxy S7,Rp70.000,https://www.bukalapak.com/p/handphone/hp-smartphone/hei0ff-jual-hardcase-nillkin-frosted-shield-original-samsung-galaxy-s7?from=trend&keyword=&funnel=omnisearch&product_owner=normal_seller&pos=22&cf=1&ssa=1&sort_origin=last_relist_at%3Adesc&search_sort_default=false&promoted=0
HHP,MURAH ABIS Samsung Galaxy S7 Edge Docomo Au Fullset Mulus Original DISC GEDE,Rp3.130.400,https://www.bukalapak.com/p/handphone/hp-smartphone/3uc1cqh-jual-murah-abis-samsung-galaxy-s7-edge-docomo-au-fullset-mulus-original-disc-gede?from=trend&keyword=&funnel=omnisearch&product_owner=normal_seller&pos=23&cf=1&ssa=1&sort_origin=last_relist_at%3Adesc&search_sort_default=false&promoted=0
HHP,BAGUS BGT b2k samsung galaxy s7 edge garansi resmi SEIN THE BEST,Rp9.629.100,https://www.bukalapak.com/p/handphone/hp-smartphone/3setjot-jual-bagus-bgt-b2k-samsung-galaxy-s7-edge-garansi-resmi-sein-the-best?from=trend&keyword=&funnel=omnisearch&product_owner=normal_seller&pos=24&cf=1&ssa=1&sort_origin=last_relist_at%3Adesc&search_sort_default=false&promoted=0
HHP,Samsung Galaxy S7 Edge Black Onyx 4.32Gb Bnib Garansi Resmi Sein - Silver Titanium Harga Khusus,Rp7.500.000,https://www.bukalapak.com/p/handphone/hp-smartphone/3ubkn3v-jual-samsung-galaxy-s7-edge-black-onyx-4-32gb-bnib-garansi-resmi-sein-silver-titanium-harga-khusus?from=trend&keyword=&funnel=omnisearch&product_owner=normal_seller&pos=25&cf=1&ssa=1&sort_origin=last_relist_at%3Adesc&search_sort_default=false&promoted=0
HHP,BNIB Samsung Galaxy S7 Black NEW garansi resmi SEIN 32GB,Rp8.650.000,https://www.bukalapak.com/p/handphone/hp-smartphone/1oaa4a-jual-bnib-samsung-galaxy-s7-black-new-garansi-resmi-sein-32gb?from=trend&keyword=&funnel=omnisearch&product_owner=normal_seller&pos=26&cf=1&ssa=1&sort_origin=last_relist_at%3Adesc&search_sort_default=false&promoted=0
HHP,Samsung Galaxy s7 Edge 128bgb Black Pearl / Absolute Black New Garansi Resmi SEIN,Rp17.050.000,https://www.bukalapak.com/p/handphone/hp-smartphone/73m9xr-jual-samsung-galaxy-s7-edge-128bgb-black-pearl-absolute-black-new-garansi-resmi-sein?from=trend&keyword=&funnel=omnisearch&product_owner=normal_seller&pos=27&cf=1&ssa=1&sort_origin=last_relist_at%3Adesc&search_sort_default=false&promoted=0
HHP,Samsung Galaxy S7 Edge 128GB RESMI SEIN Fullset Second,Rp4.100.000,https://www.bukalapak.com/p/handphone/hp-smartphone/df1bb8-jual-samsung-galaxy-s7-edge-128gb-resmi-sein-fullset-second?from=trend&keyword=&funnel=omnisearch&product_owner=normal_seller&pos=28&cf=1&ssa=1&sort_origin=last_relist_at%3Adesc&search_sort_default=false&promoted=0
HHP,HARGA ANJLOK b2k samsung galaxy s7 edge garansi resmi SEIN BIG SALE,Rp9.629.100,https://www.bukalapak.com/p/handphone/hp-smartphone/3tbs21r-jual-harga-anjlok-b2k-samsung-galaxy-s7-edge-garansi-resmi-sein-big-sale?from=trend&keyword=&funnel=omnisearch&product_owner=normal_seller&pos=29&cf=1&ssa=1&sort_origin=last_relist_at%3Adesc&search_sort_default=false&promoted=0
HHP,LAST STOCK Samsung Galaxy S7 Edge Docomo Au Fullset Mulus Original MURAH ABIS,Rp3.130.400,https://www.bukalapak.com/p/handphone/hp-smartphone/3t61ur0-jual-last-stock-samsung-galaxy-s7-edge-docomo-au-fullset-mulus-original-murah-abis?from=trend&keyword=&funnel=omnisearch&product_owner=normal_seller&pos=0&cf=1&ssa=1&sort_origin=last_relist_at%3Adesc&search_sort_default=false&promoted=0
HHP,KHUSUS HARI INI b2k samsung galaxy s7 edge garansi resmi SEIN HARGA PROMO,Rp9.629.100,https://www.bukalapak.com/p/handphone/hp-smartphone/3vczt83-jual-khusus-hari-ini-b2k-samsung-galaxy-s7-edge-garansi-resmi-sein-harga-promo?from=trend&keyword=&funnel=omnisearch&product_owner=normal_seller&pos=1&cf=1&ssa=1&sort_origin=last_relist_at%3Adesc&search_sort_default=false&promoted=0
HHP,Jual Samsung Galaxy Tab S7 Plus  8GB 256GB  Free keyboard Garansi Resmi Sein Limited,Rp29.587.200,https://www.bukalapak.com/p/handphone/hp-smartphone/3uu98jh-jual-jual-samsung-galaxy-tab-s7-plus-8gb-256gb-free-keyboard-garansi-resmi-sein-limited?from=trend&keyword=&funnel=omnisearch&product_owner=normal_seller&pos=2&cf=1&ssa=1&sort_origin=last_relist_at%3Adesc&search_sort_default=false&promoted=0
HHP,LAST STOCK b2k samsung galaxy s7 edge garansi resmi SEIN BAGUS BGT,Rp9.629.100,https://www.bukalapak.com/p/handphone/hp-smartphone/3urjy1m-jual-last-stock-b2k-samsung-galaxy-s7-edge-garansi-resmi-sein-bagus-bgt?from=trend&keyword=&funnel=omnisearch&product_owner=normal_seller&pos=3&cf=1&ssa=1&sort_origin=last_relist_at%3Adesc&search_sort_default=false&promoted=0
HHP,PALING MURAH DISKON Hp Handphone Samsung Galaxy S7 Edge Rosegold 4 32gb ANJAYYY,Rp7.767.100,https://www.bukalapak.com/p/handphone/hp-smartphone/3vibiuu-jual-paling-murah-diskon-hp-handphone-samsung-galaxy-s7-edge-rosegold-4-32gb-anjayyy?from=trend&keyword=&funnel=omnisearch&product_owner=normal_seller&pos=4&cf=1&ssa=1&sort_origin=last_relist_at%3Adesc&search_sort_default=false&promoted=0
HHP,LAST STOCK TERMURAH Hp Handphone Samsung Galaxy S7 edge Blue coral 4 32gb KEREN BGT,Rp7.549.800,https://www.bukalapak.com/p/handphone/hp-smartphone/3t64jg9-jual-last-stock-termurah-hp-handphone-samsung-galaxy-s7-edge-blue-coral-4-32gb-keren-bgt?from=trend&keyword=&funnel=omnisearch&product_owner=normal_seller&pos=5&cf=1&ssa=1&sort_origin=last_relist_at%3Adesc&search_sort_default=false&promoted=0
HHP,LAGI TREN TERMURAH Hp Handphone Samsung Galaxy S7 edge Blue coral 4 32gb HARGA PROMOSI,Rp7.549.800,https://www.bukalapak.com/p/handphone/hp-smartphone/3uwlkqt-jual-lagi-tren-termurah-hp-handphone-samsung-galaxy-s7-edge-blue-coral-4-32gb-harga-promosi?from=trend&keyword=&funnel=omnisearch&product_owner=normal_seller&pos=6&cf=1&ssa=1&sort_origin=last_relist_at%3Adesc&search_sort_default=false&promoted=0
HHP,Promo Samsung Galaxy S7 Flat 4G LTE 32GB Original Resmi Sein,Rp2.300.000,https://www.bukalapak.com/p/handphone/hp-smartphone/pwzuhu-jual-promo-samsung-galaxy-s7-flat-4g-lte-32gb-original-resmi-sein?from=trend&keyword=&funnel=omnisearch&product_owner=normal_seller&pos=7&cf=1&ssa=1&sort_origin=last_relist_at%3Adesc&search_sort_default=false&promoted=0
HHP,DISC GEDE TERMURAH Hp Handphone Samsung Galaxy S7 edge Blue coral 4 32gb LAST STOCK,Rp7.549.800,https://www.bukalapak.com/p/handphone/hp-smartphone/3urlm2l-jual-disc-gede-termurah-hp-handphone-samsung-galaxy-s7-edge-blue-coral-4-32gb-last-stock?from=trend&keyword=&funnel=omnisearch&product_owner=normal_seller&pos=8&cf=1&ssa=1&sort_origin=last_relist_at%3Adesc&search_sort_default=false&promoted=0
HHP,Samsung Galaxy S7 Edge Comlit With Bonus 360 Degree,Rp5.600.000,https://www.bukalapak.com/p/handphone/hp-smartphone/8mj3hx-jual-samsung-galaxy-s7-edge-comlit-with-bonus-360-degree?from=trend&keyword=&funnel=omnisearch&product_owner=normal_seller&pos=9&cf=1&ssa=1&sort_origin=last_relist_at%3Adesc&search_sort_default=false&promoted=0
HHP,Samsung Galaxy S7 Edge Duos Fullset Seken Original - HP Batam BM Second Mulus Termurah,Rp4.250.000,https://www.bukalapak.com/p/handphone/hp-smartphone/lcgyz4-jual-samsung-galaxy-s7-edge-duos-fullset-seken-original-hp-batam-bm-second-mulus-termurah?from=trend&keyword=&funnel=omnisearch&product_owner=normal_seller&pos=10&cf=1&ssa=1&sort_origin=last_relist_at%3Adesc&search_sort_default=false&promoted=0
HHP,Samsung Galaxy S7 Flat Original Fullset - Hp Batam BM Seken Mulus Termurah,Rp2.799.000,https://www.bukalapak.com/p/handphone/hp-smartphone/kiffcm-jual-samsung-galaxy-s7-flat-original-fullset-hp-batam-bm-seken-mulus-termurah?from=trend&keyword=&funnel=omnisearch&product_owner=normal_seller&pos=11&cf=1&ssa=1&sort_origin=last_relist_at%3Adesc&search_sort_default=false&promoted=0
HHP,Samsung Galaxy S7 Flat 32GB G930F Original Resmi Sein Erafone Jakarta,Rp2.249.000,https://www.bukalapak.com/p/handphone/hp-smartphone/3o4s9fa-jual-samsung-galaxy-s7-flat-32gb-g930f-original-resmi-sein-erafone-jakarta?from=trend&keyword=&funnel=omnisearch&product_owner=normal_seller&pos=12&cf=1&ssa=1&sort_origin=last_relist_at%3Adesc&search_sort_default=false&promoted=0
HHP,Samsung Galaxy S7 Edge 32GB G935FD Original Resmi Sein Erafone Jakarta,Rp2.999.000,https://www.bukalapak.com/p/handphone/hp-smartphone/3o4t0o4-jual-samsung-galaxy-s7-edge-32gb-g935fd-original-resmi-sein-erafone-jakarta?from=trend&keyword=&funnel=omnisearch&product_owner=normal_seller&pos=13&cf=1&ssa=1&sort_origin=last_relist_at%3Adesc&search_sort_default=false&promoted=0
HHP,samsung galaxy s7 flat s7flat garansi resmi 1 tahun samsung hitam,Rp8.000.000,https://www.bukalapak.com/p/handphone/hp-smartphone/15haxvo-jual-samsung-galaxy-s7-flat-s7flat-garansi-resmi-1-tahun-samsung-hitam?from=trend&keyword=&funnel=omnisearch&product_owner=normal_seller&pos=14&cf=1&ssa=1&sort_origin=last_relist_at%3Adesc&search_sort_default=false&promoted=0
HHP,Smartphone Samsung Galaxy S7 Marshmallow Octacore 5inch RAM 4GB Internal 32GB Waterproof,Rp8.750.000,https://www.bukalapak.com/p/handphone/hp-smartphone/7k9kfg-jual-smartphone-samsung-galaxy-s7-marshmallow-octacore-5inch-ram-4gb-internal-32gb-waterproof?from=trend&keyword=&funnel=omnisearch&product_owner=normal_seller&pos=15&cf=1&ssa=1&sort_origin=last_relist_at%3Adesc&search_sort_default=false&promoted=0
HHP,Smartphone Samsung Galaxy S7 Edge Marshmallow Octacore 5.5inch RAM 4GB Internal 128GB Waterproof,Rp11.500.000,https://www.bukalapak.com/p/handphone/hp-smartphone/7k9wha-jual-smartphone-samsung-galaxy-s7-edge-marshmallow-octacore-5-5inch-ram-4gb-internal-128gb-waterproof?from=trend&keyword=&funnel=omnisearch&product_owner=normal_seller&pos=16&cf=1&ssa=1&sort_origin=last_relist_at%3Adesc&search_sort_default=false&promoted=0
HHP,Smartphone Samsung Galaxy S7 Edge Marshmallow Octacore 5.5inch RAM 4GB Internal 32GB Waterproof,Rp10.050.000,https://www.bukalapak.com/p/handphone/hp-smartphone/7k9tvy-jual-smartphone-samsung-galaxy-s7-edge-marshmallow-octacore-5-5inch-ram-4gb-internal-32gb-waterproof?from=trend&keyword=&funnel=omnisearch&product_owner=normal_seller&pos=17&cf=1&ssa=1&sort_origin=last_relist_at%3Adesc&search_sort_default=false&promoted=0
HHP,samsung galaxy s7,Rp2.499.000,https://www.bukalapak.com/p/handphone/hp-smartphone/2b2su02-jual-samsung-galaxy-s7?from=trend&keyword=&funnel=omnisearch&product_owner=normal_seller&pos=18&cf=1&ssa=1&sort_origin=last_relist_at%3Adesc&search_sort_default=false&promoted=0
HHP,Samsung Galaxy S7 Edge Garansi Resmi SEIN 1 Tahun BNIB Original Segel Utuh,Rp4.250.000,https://www.bukalapak.com/p/handphone/hp-smartphone/1ijkksq-jual-samsung-galaxy-s7-edge-garansi-resmi-sein-1-tahun-bnib-original-segel-utuh?from=trend&keyword=&funnel=omnisearch&product_owner=normal_seller&pos=19&cf=1&ssa=1&sort_origin=last_relist_at%3Adesc&search_sort_default=false&promoted=0
HHP,Samsung Galaxy S7 EDGE Sein,Rp2.550.000,https://www.bukalapak.com/p/handphone/hp-smartphone/1je8fea-jual-samsung-galaxy-s7-edge-sein?from=trend&keyword=&funnel=omnisearch&product_owner=normal_seller&pos=20&cf=1&ssa=1&sort_origin=last_relist_at%3Adesc&search_sort_default=false&promoted=0
HHP,Samsung Galaxy S7 EDGE,Rp1.900.000,https://www.bukalapak.com/p/handphone/hp-smartphone/qfwrt5-jual-samsung-galaxy-s7-edge?from=trend&keyword=&funnel=omnisearch&product_owner=normal_seller&pos=21&cf=1&ssa=1&sort_origin=last_relist_at%3Adesc&search_sort_default=false&promoted=0
HHP,samsung galaxy s7 edge blue coral,Rp5.000.000,https://www.bukalapak.com/p/handphone/hp-smartphone/2r4lbf0-jual-samsung-galaxy-s7-edge-blue-coral?from=trend&keyword=&funnel=omnisearch&product_owner=normal_seller&pos=22&cf=1&ssa=1&sort_origin=last_relist_at%3Adesc&search_sort_default=false&promoted=0
HHP,samsung galaxy s7 edge blue coral,Rp5.000.000,https://www.bukalapak.com/p/handphone/hp-smartphone/2r4lqj6-jual-samsung-galaxy-s7-edge-blue-coral?from=trend&keyword=&funnel=omnisearch&product_owner=normal_seller&pos=23&cf=1&ssa=1&sort_origin=last_relist_at%3Adesc&search_sort_default=false&promoted=0
HHP,Samsung Galaxy S7 Edge 128GB Pearl Black Absolute Black Garansi Resmi SEIN BNIB Segel,Rp4.299.000,https://www.bukalapak.com/p/handphone/hp-smartphone/2ksoyp7-jual-samsung-galaxy-s7-edge-128gb-pearl-black-absolute-black-garansi-resmi-sein-bnib-segel?from=trend&keyword=&funnel=omnisearch&product_owner=normal_seller&pos=24&cf=1&ssa=1&sort_origin=last_relist_at%3Adesc&search_sort_default=false&promoted=0
HHP,Samsung Galaxy S7 Single SIM,Rp3.630.000,https://www.bukalapak.com/p/handphone/hp-smartphone/hyporf-jual-samsung-galaxy-s7-single-sim?from=trend&keyword=&funnel=omnisearch&product_owner=normal_seller&pos=25&cf=1&ssa=1&sort_origin=last_relist_at%3Adesc&search_sort_default=false&promoted=0
HHP,SAMSUNG Galaxy S7 Edge 128GB - Black Pearl,Rp8.999.000,https://www.bukalapak.com/p/handphone/hp-smartphone/lk69vp-jual-samsung-galaxy-s7-edge-128gb-black-pearl?from=trend&keyword=&funnel=omnisearch&product_owner=normal_seller&pos=26&cf=1&ssa=1&sort_origin=last_relist_at%3Adesc&search_sort_default=false&promoted=0
HHP,Samsung Galaxy S7 edge SM-G935FD 32GB Bekas Muluss Fulset Rose gold,Rp4.500.000,https://www.bukalapak.com/p/handphone/hp-smartphone/jt6quu-jual-samsung-galaxy-s7-edge-sm-g935fd-32gb-bekas-muluss-fulset-rose-gold?from=trend&keyword=&funnel=omnisearch&product_owner=normal_seller&pos=27&cf=1&ssa=0&sort_origin=last_relist_at%3Adesc&search_sort_default=false&promoted=0
HHP,Samsung Galaxy S7 Flat 32GB Gold Bekas Mulus Kondisi 98-99% Fulset Original,Rp3.100.000,https://www.bukalapak.com/p/handphone/hp-smartphone/3lni6f-jual-samsung-galaxy-s7-flat-32gb-gold-bekas-mulus-kondisi-98-99-fulset-original?from=trend&keyword=&funnel=omnisearch&product_owner=normal_seller&pos=28&cf=1&ssa=0&sort_origin=last_relist_at%3Adesc&search_sort_default=false&promoted=0
HHP,samsung galaxy s7 edge garansi BNIB,Rp5.200.000,https://www.bukalapak.com/p/handphone/hp-smartphone/kzb597-jual-samsung-galaxy-s7-edge-garansi-bnib?from=trend&keyword=&funnel=omnisearch&product_owner=normal_seller&pos=29&cf=1&ssa=1&sort_origin=last_relist_at%3Adesc&search_sort_default=false&promoted=0
HHP,samsung galaxy s7 edge black onyx. ex sein,Rp2.700.000,https://www.bukalapak.com/p/handphone/hp-smartphone/h8rbu5-jual-samsung-galaxy-s7-edge-black-onyx-ex-sein?from=trend&keyword=&funnel=omnisearch&product_owner=normal_seller&pos=0&cf=1&ssa=1&sort_origin=last_relist_at%3Adesc&search_sort_default=false&promoted=0
HHP,Promo  Bayar Di Tempat Pelindung Lensa Kamera Tipis 0 15mm untuk Samsung Galaxy S6 S7 S8 Plus Diskon,Rp77.000,https://www.bukalapak.com/p/handphone/hp-smartphone/3c80l2g-jual-promo-bayar-di-tempat-pelindung-lensa-kamera-tipis-0-15mm-untuk-samsung-galaxy-s6-s7-s8-plus-diskon?from=trend&keyword=&funnel=omnisearch&product_owner=normal_seller&pos=1&cf=1&ssa=1&sort_origin=last_relist_at%3Adesc&search_sort_default=false&promoted=0
HHP,Termurah Real 5D Curved Temped Glass For Samsung Galaxy S6 S7 edge S8 S9 Plus Full Cover Diskon,Rp122.100,https://www.bukalapak.com/p/handphone/hp-smartphone/30y3gai-jual-termurah-real-5d-curved-temped-glass-for-samsung-galaxy-s6-s7-edge-s8-s9-plus-full-cover-diskon?from=trend&keyword=&funnel=omnisearch&product_owner=normal_seller&pos=2&cf=1&ssa=1&sort_origin=last_relist_at%3Adesc&search_sort_default=false&promoted=0
HHP,BEST SELLER BP BP Perangkat Digitizer Touch Screen Pengganti untuk Samsung Galaxy S7 Edge g935 BIG BIG SALE,Rp749.000,https://www.bukalapak.com/p/handphone/hp-smartphone/3fbp6sb-jual-best-seller-bp-bp-perangkat-digitizer-touch-screen-pengganti-untuk-samsung-galaxy-s7-edge-g935-big-big-sale?from=trend&keyword=&funnel=omnisearch&product_owner=normal_seller&pos=3&cf=1&ssa=1&sort_origin=last_relist_at%3Adesc&search_sort_default=false&promoted=0
HHP,Samsung Galaxy S7 Flat,Rp1.500.000,https://www.bukalapak.com/p/handphone/hp-smartphone/3oluc08-jual-samsung-galaxy-s7-flat?from=trend&keyword=&funnel=omnisearch&product_owner=normal_seller&pos=4&cf=1&ssa=1&sort_origin=last_relist_at%3Adesc&search_sort_default=false&promoted=0
HHP,Promo  Bayar Di Tempat Pelindung Lensa Kamera Tipis 0 15mm untuk Samsung Galaxy S6 S7 S8 Plus Diskon,Rp77.000,https://www.bukalapak.com/p/handphone/hp-smartphone/3c065va-jual-promo-bayar-di-tempat-pelindung-lensa-kamera-tipis-0-15mm-untuk-samsung-galaxy-s6-s7-s8-plus-diskon?from=trend&keyword=&funnel=omnisearch&product_owner=normal_seller&pos=5&cf=1&ssa=1&sort_origin=last_relist_at%3Adesc&search_sort_default=false&promoted=0
HHP,BP BP Perangkat Digitizer Touch Screen Pengganti untuk Samsung Galaxy S7 Edge g935 Promo,Rp762.700,https://www.bukalapak.com/p/handphone/hp-smartphone/3erbmbs-jual-bp-bp-perangkat-digitizer-touch-screen-pengganti-untuk-samsung-galaxy-s7-edge-g935-promo?from=trend&keyword=&funnel=omnisearch&product_owner=normal_seller&pos=6&cf=1&ssa=1&sort_origin=last_relist_at%3Adesc&search_sort_default=false&promoted=0
HHP,LAGI TREN Real 5D Curved Temped Glass For Samsung Galaxy S6 S7 edge S8 S9 Plus Full Cover SDH TERUJI,Rp142.900,https://www.bukalapak.com/p/handphone/hp-smartphone/3ge5ixp-jual-lagi-tren-real-5d-curved-temped-glass-for-samsung-galaxy-s6-s7-edge-s8-s9-plus-full-cover-sdh-teruji?from=trend&keyword=&funnel=omnisearch&product_owner=normal_seller&pos=7&cf=1&ssa=1&sort_origin=last_relist_at%3Adesc&search_sort_default=false&promoted=0
HHP,Samsung Galaxy S7 Edge 32 Gb Resmi SEIN like New,Rp4.400.000,https://www.bukalapak.com/p/handphone/hp-smartphone/m825n7-jual-samsung-galaxy-s7-edge-32-gb-resmi-sein-like-new?from=trend&keyword=&funnel=omnisearch&product_owner=normal_seller&pos=8&cf=1&ssa=1&sort_origin=last_relist_at%3Adesc&search_sort_default=false&promoted=0
HHP,LAST STOCK BP BP Perangkat Digitizer Touch Screen Pengganti untuk Samsung Galaxy S7 Edge g935 NEW VIRAL,Rp749.000,https://www.bukalapak.com/p/handphone/hp-smartphone/3gasu4n-jual-last-stock-bp-bp-perangkat-digitizer-touch-screen-pengganti-untuk-samsung-galaxy-s7-edge-g935-new-viral?from=trend&keyword=&funnel=omnisearch&product_owner=normal_seller&pos=9&cf=1&ssa=1&sort_origin=last_relist_at%3Adesc&search_sort_default=false&promoted=0
HHP,THE BEST Real 5D Curved Temped Glass For Samsung Galaxy S6 S7 edge S8 S9 Plus Full Cover DISC GEDE,Rp146.800,https://www.bukalapak.com/p/handphone/hp-smartphone/3h3i740-jual-the-best-real-5d-curved-temped-glass-for-samsung-galaxy-s6-s7-edge-s8-s9-plus-full-cover-disc-gede?from=trend&keyword=&funnel=omnisearch&product_owner=normal_seller&pos=10&cf=1&ssa=1&sort_origin=last_relist_at%3Adesc&search_sort_default=false&promoted=0
HHP,Real 5D Curved Temped Glass For Samsung Galaxy S6 S7 edge S8 S9 Plus Full Cover,Rp121.800,https://www.bukalapak.com/p/handphone/hp-smartphone/3majo3n-jual-real-5d-curved-temped-glass-for-samsung-galaxy-s6-s7-edge-s8-s9-plus-full-cover?from=trend&keyword=&funnel=omnisearch&product_owner=normal_seller&pos=11&cf=1&ssa=1&sort_origin=last_relist_at%3Adesc&search_sort_default=false&promoted=0
HHP,Samsung Galaxy S4 Zoom SM-C105 Not S7 S3 M20 Beam S5 K J7 Plus Pro Nokia E90 E7 N93i 9300 i 9500 8800 N8 N92 3250 8600 Sony Xperia Ray SP Go Ion Arc S,Rp700.000,https://www.bukalapak.com/p/handphone/hp-smartphone/3lo77a7-jual-samsung-galaxy-s4-zoom-sm-c105-not-s7-s3-m20-beam-s5-k-j7-plus-pro-nokia-e90-e7-n93i-9300-i-9500-8800-n8-n92-3250-8600-sony-xperia-ray-sp-go-ion-arc-s?from=trend&keyword=&funnel=omnisearch&product_owner=normal_seller&pos=12&cf=1&ssa=0&sort_origin=last_relist_at%3Adesc&search_sort_default=false&promoted=0
HHP,Andromax Qi G36C1G Not Samsung Galaxy S7 S5 S9 Beam Chat S4 K Zoom J7 Plus Pro Nokia E90 E7 N93 9300 9500 8800 N8 N92 8600 Sony Xperia Ray SP Ion Arc,Rp150.000,https://www.bukalapak.com/p/handphone/hp-smartphone/3fdulod-jual-andromax-qi-g36c1g-not-samsung-galaxy-s7-s5-s9-beam-chat-s4-k-zoom-j7-plus-pro-nokia-e90-e7-n93-9300-9500-8800-n8-n92-8600-sony-xperia-ray-sp-ion-arc?from=trend&keyword=&funnel=omnisearch&product_owner=normal_seller&pos=13&cf=1&ssa=0&sort_origin=last_relist_at%3Adesc&search_sort_default=false&promoted=0
HHP,Samsung Galaxy Fame GT-S6810 Not S7 M20 Beam S4 K Zoom J7 Plus Pro Nokia E90 E7 N93i 9300 i 9500 8800 N8 N92 3250 8600 Sony Xperia Ray SP Go Ion Arc S,Rp150.000,https://www.bukalapak.com/p/handphone/hp-smartphone/3e0kqlg-jual-samsung-galaxy-fame-gt-s6810-not-s7-m20-beam-s4-k-zoom-j7-plus-pro-nokia-e90-e7-n93i-9300-i-9500-8800-n8-n92-3250-8600-sony-xperia-ray-sp-go-ion-arc-s?from=trend&keyword=&funnel=omnisearch&product_owner=normal_seller&pos=14&cf=1&ssa=0&sort_origin=last_relist_at%3Adesc&search_sort_default=false&promoted=0
HHP,Andromax G AD687G Not Samsung Galaxy S7 S5 S9 Beam Chat S4 K Zoom J7 Plus Pro Nokia E90 E7 N93 9300 9500 8800 N8 N92 8600 Sony Xperia Ray SP Ion Arc,Rp150.000,https://www.bukalapak.com/p/handphone/hp-smartphone/3lo90c7-jual-andromax-g-ad687g-not-samsung-galaxy-s7-s5-s9-beam-chat-s4-k-zoom-j7-plus-pro-nokia-e90-e7-n93-9300-9500-8800-n8-n92-8600-sony-xperia-ray-sp-ion-arc?from=trend&keyword=&funnel=omnisearch&product_owner=normal_seller&pos=15&cf=1&ssa=0&sort_origin=last_relist_at%3Adesc&search_sort_default=false&promoted=0
HHP,Samsung Galaxy J1 Ace SM-J110G Not S7 S3 M20 Beam S5 K J7 Plus Pro Nokia E90 E7 N93i 9300 i 9500 8800 N8 N92 3250 8600 Sony Xperia Ray SP Go Ion Arc S,Rp200.000,https://www.bukalapak.com/p/handphone/hp-smartphone/3r5xovt-jual-samsung-galaxy-j1-ace-sm-j110g-not-s7-s3-m20-beam-s5-k-j7-plus-pro-nokia-e90-e7-n93i-9300-i-9500-8800-n8-n92-3250-8600-sony-xperia-ray-sp-go-ion-arc-s?from=trend&keyword=&funnel=omnisearch&product_owner=normal_seller&pos=16&cf=1&ssa=0&sort_origin=last_relist_at%3Adesc&search_sort_default=false&promoted=0
HHP,Dusbook Samsung Galaxy Champ GT-C3303i Fullset Bukan Note Grand Prime S10 S9 S8 S7 Iphone 4 5s 4s 5 6 6s Nokia E90 N93i N70 N73 E7,Rp75.000,https://www.bukalapak.com/p/handphone/hp-smartphone/1olg495-jual-dusbook-samsung-galaxy-champ-gt-c3303i-fullset-bukan-note-grand-prime-s10-s9-s8-s7-iphone-4-5s-4s-5-6-6s-nokia-e90-n93i-n70-n73-e7?from=trend&keyword=&funnel=omnisearch&product_owner=normal_seller&pos=17&cf=1&ssa=0&sort_origin=last_relist_at%3Adesc&search_sort_default=false&promoted=0
HHP,Evercoss T5 Not Samsung Galaxy S7 M20 S9 Beam Chat S4 K Zoom J7 Plus Pro Nokia E90 E7 N93 9300 9500 8800 N8 N92 8600 Sony Xperia Ray U SP Go Ion Arc S,Rp100.000,https://www.bukalapak.com/p/handphone/hp-smartphone/36m8fi1-jual-evercoss-t5-not-samsung-galaxy-s7-m20-s9-beam-chat-s4-k-zoom-j7-plus-pro-nokia-e90-e7-n93-9300-9500-8800-n8-n92-8600-sony-xperia-ray-u-sp-go-ion-arc-s?from=trend&keyword=&funnel=omnisearch&product_owner=normal_seller&pos=18&cf=1&ssa=0&sort_origin=last_relist_at%3Adesc&search_sort_default=false&promoted=0
HHP,Real 5D Curved Temped Glass For Samsung Galaxy S6 S7 edge S8 S9 Plus Full Cover,Rp121.800,https://www.bukalapak.com/p/handphone/hp-smartphone/3gjkv8p-jual-real-5d-curved-temped-glass-for-samsung-galaxy-s6-s7-edge-s8-s9-plus-full-cover?from=trend&keyword=&funnel=omnisearch&product_owner=normal_seller&pos=19&cf=1&ssa=1&sort_origin=last_relist_at%3Adesc&search_sort_default=false&promoted=0
HHP,Samsung Galaxy S Hoppin SHW-M190S Original Langka Bukan Beam Chat S4 K Zoom Note S7 Plus Pro Nokia E90 E7 N93i 9300i N8 Sony Xperia Ray U SP Go Ion XA,Rp250.000,https://www.bukalapak.com/p/handphone/hp-smartphone/23emxcm-jual-samsung-galaxy-s-hoppin-shw-m190s-original-langka-bukan-beam-chat-s4-k-zoom-note-s7-plus-pro-nokia-e90-e7-n93i-9300i-n8-sony-xperia-ray-u-sp-go-ion-xa?from=trend&keyword=&funnel=omnisearch&product_owner=normal_seller&pos=20&cf=1&ssa=0&sort_origin=last_relist_at%3Adesc&search_sort_default=false&promoted=0
HHP,HP Cina Advan Hammer R3D Mulus Bahan Bukan Samsung Galaxy Chat A8 S7 Edge S8 J7 Pro Plus B5330 Corby 2 Iphone 4 4s 5 5s 6 6s Sony Xperia XA,Rp50.000,https://www.bukalapak.com/p/handphone/hp-smartphone/1tsj1vc-jual-hp-cina-advan-hammer-r3d-mulus-bahan-bukan-samsung-galaxy-chat-a8-s7-edge-s8-j7-pro-plus-b5330-corby-2-iphone-4-4s-5-5s-6-6s-sony-xperia-xa?from=trend&keyword=&funnel=omnisearch&product_owner=normal_seller&pos=21&cf=1&ssa=0&sort_origin=last_relist_at%3Adesc&search_sort_default=false&promoted=0
HHP,Nillkin Cover for Samsung Galaxy S7 Edge PSTORE,Rp67.500,https://www.bukalapak.com/p/handphone/hp-smartphone/3f9x9f5-jual-nillkin-cover-for-samsung-galaxy-s7-edge-pstore?from=trend&keyword=&funnel=omnisearch&product_owner=normal_seller&pos=22&cf=1&ssa=1&sort_origin=last_relist_at%3Adesc&search_sort_default=false&promoted=0
HHP,Samsung galaxy S7 Flat wifi only bukan oppo redmi vivo,Rp1.050.000,https://www.bukalapak.com/p/handphone/hp-smartphone/3vbfisp-jual-samsung-galaxy-s7-flat-wifi-only-bukan-oppo-redmi-vivo?from=trend&keyword=&funnel=omnisearch&product_owner=normal_seller&pos=23&cf=1&ssa=1&sort_origin=last_relist_at%3Adesc&search_sort_default=false&promoted=0
HHP,Lem adhesive cover belakang Samsung Galaxy S7 flat,Rp28.000,https://www.bukalapak.com/p/handphone/hp-smartphone/2wo9i86-jual-lem-adhesive-cover-belakang-samsung-galaxy-s7-flat?from=trend&keyword=&funnel=omnisearch&product_owner=normal_seller&pos=24&cf=1&ssa=1&sort_origin=last_relist_at%3Adesc&search_sort_default=false&promoted=0
HHP,Samsung Galaxy S7 Edge 4GB-32GB Blue Coral Mulus,Rp3.000.000,https://www.bukalapak.com/p/handphone/hp-smartphone/3a8y7yq-jual-samsung-galaxy-s7-edge-4gb-32gb-blue-coral-mulus?from=trend&keyword=&funnel=omnisearch&product_owner=normal_seller&pos=25&cf=1&ssa=1&sort_origin=last_relist_at%3Adesc&search_sort_default=false&promoted=0
HHP,KACA LCD KACA TOUSCREN DIGITIZER ORIGINALL SAMSUNG GALAXY S7 EDGE,Rp109.200,https://www.bukalapak.com/p/handphone/hp-smartphone/2mi6cnr-jual-kaca-lcd-kaca-touscren-digitizer-originall-samsung-galaxy-s7-edge?from=trend&keyword=&funnel=omnisearch&product_owner=normal_seller&pos=26&cf=1&ssa=1&sort_origin=last_relist_at%3Adesc&search_sort_default=false&promoted=0
HHP,Best Seller Samsung Galaxy S7 Edge Black Onyx 4.32Gb Bnib Garansi Resmi Sein - Silver Titanium,Rp7.450.000,https://www.bukalapak.com/p/handphone/hp-smartphone/3lsftgb-jual-best-seller-samsung-galaxy-s7-edge-black-onyx-4-32gb-bnib-garansi-resmi-sein-silver-titanium?from=trend&keyword=&funnel=omnisearch&product_owner=normal_seller&pos=27&cf=1&ssa=1&sort_origin=last_relist_at%3Adesc&search_sort_default=false&promoted=0
HHP,Promo  Bayar Di Tempat Pelindung Lensa Kamera Tipis 0 15mm untuk Samsung Galaxy S6 S7 S8 Plus Diskon,Rp77.000,https://www.bukalapak.com/p/handphone/hp-smartphone/3drvdw3-jual-promo-bayar-di-tempat-pelindung-lensa-kamera-tipis-0-15mm-untuk-samsung-galaxy-s6-s7-s8-plus-diskon?from=trend&keyword=&funnel=omnisearch&product_owner=normal_seller&pos=28&cf=1&ssa=1&sort_origin=last_relist_at%3Adesc&search_sort_default=false&promoted=0
HHP,Samsung Galaxy S7 Flat Duos Rose Gold,Rp5.650.000,https://www.bukalapak.com/p/handphone/hp-smartphone/7gt0ph-jual-samsung-galaxy-s7-flat-duos-rose-gold?from=trend&keyword=&funnel=omnisearch&product_owner=normal_seller&pos=29&cf=1&ssa=1&sort_origin=last_relist_at%3Adesc&search_sort_default=false&promoted=0
HHP,Samsung Galaxy S7 Edge Duos Like New,Rp7.250.000,https://www.bukalapak.com/p/handphone/hp-smartphone/7g0emz-jual-samsung-galaxy-s7-edge-duos-like-new?from=trend&keyword=&funnel=omnisearch&product_owner=normal_seller&pos=0&cf=1&ssa=1&sort_origin=last_relist_at%3Adesc&search_sort_default=false&promoted=0
HHP,Lem adhesive cover belakang Samsung Galaxy S7 flat,Rp28.000,https://www.bukalapak.com/p/handphone/hp-smartphone/2x9zcm6-jual-lem-adhesive-cover-belakang-samsung-galaxy-s7-flat?from=trend&keyword=&funnel=omnisearch&product_owner=normal_seller&pos=1&cf=1&ssa=1&sort_origin=last_relist_at%3Adesc&search_sort_default=false&promoted=0
HHP,BACK DOOR BACK CASSING ORIGINALL SAMSUNG GALAXY S7 EDGE,Rp57.400,https://www.bukalapak.com/p/handphone/hp-smartphone/2xdwkxb-jual-back-door-back-cassing-originall-samsung-galaxy-s7-edge?from=trend&keyword=&funnel=omnisearch&product_owner=normal_seller&pos=2&cf=1&ssa=1&sort_origin=last_relist_at%3Adesc&search_sort_default=false&promoted=0
HHP,Samsung Galaxy S7 Flat Duos Ram 4-32gb Oreo Mulus Lengkap Ori SEIN,Rp2.900.000,https://www.bukalapak.com/p/handphone/hp-smartphone/ib8or5-jual-samsung-galaxy-s7-flat-duos-ram-4-32gb-oreo-mulus-lengkap-ori-sein?from=trend&keyword=&funnel=omnisearch&product_owner=normal_seller&pos=3&cf=1&ssa=1&sort_origin=last_relist_at%3Adesc&search_sort_default=false&promoted=0
HHP,samsung galaxy S7 edge Black,Rp10.000.000,https://www.bukalapak.com/p/handphone/hp-smartphone/2y2oyzi-jual-samsung-galaxy-s7-edge-black?from=trend&keyword=&funnel=omnisearch&product_owner=normal_seller&pos=4&cf=1&ssa=1&sort_origin=last_relist_at%3Adesc&search_sort_default=false&promoted=0
HHP,BUZZER LOUND SPEAKER SAMSUNG GALAXY S7 EDGE G935 ORIGINAL CCE,Rp52.500,https://www.bukalapak.com/p/handphone/hp-smartphone/35y4007-jual-buzzer-lound-speaker-samsung-galaxy-s7-edge-g935-original-cce?from=trend&keyword=&funnel=omnisearch&product_owner=normal_seller&pos=5&cf=1&ssa=1&sort_origin=last_relist_at%3Adesc&search_sort_default=false&promoted=0
HHP,TERBARU Garansi 1 Tahun Bantu Claim Samsung Galaxy S7 EDGE 32GB DUOS,Rp10.425.000,https://www.bukalapak.com/p/handphone/hp-smartphone/nvk01c-jual-terbaru-garansi-1-tahun-bantu-claim-samsung-galaxy-s7-edge-32gb-duos?from=trend&keyword=&funnel=omnisearch&product_owner=normal_seller&pos=6&cf=1&ssa=1&sort_origin=last_relist_at%3Adesc&search_sort_default=false&promoted=0
HHP,SDH TERUJI Real 5D Curved Temped Glass For Samsung Galaxy S6 S7 edge S8 S9 Plus Full Cover MANTAB GAESSS,Rp132.900,https://www.bukalapak.com/p/handphone/hp-smartphone/39kl5xo-jual-sdh-teruji-real-5d-curved-temped-glass-for-samsung-galaxy-s6-s7-edge-s8-s9-plus-full-cover-mantab-gaesss?from=trend&keyword=&funnel=omnisearch&product_owner=normal_seller&pos=7&cf=1&ssa=1&sort_origin=last_relist_at%3Adesc&search_sort_default=false&promoted=0
HHP,Samsung Galaxy S7 edge kondisi second mulus,Rp1.662.500,https://www.bukalapak.com/p/handphone/hp-smartphone/3vnczbg-jual-samsung-galaxy-s7-edge-kondisi-second-mulus?from=trend&keyword=&funnel=omnisearch&product_owner=normal_seller&pos=8&cf=1&ssa=1&sort_origin=last_relist_at%3Adesc&search_sort_default=false&promoted=0
HHP,Samsung Galaxy S7 Edge - Black Onyx,Rp10.000.000,https://www.bukalapak.com/p/handphone/hp-smartphone/2y2sqi4-jual-samsung-galaxy-s7-edge-black-onyx?from=trend&keyword=&funnel=omnisearch&product_owner=normal_seller&pos=9&cf=1&ssa=1&sort_origin=last_relist_at%3Adesc&search_sort_default=false&promoted=0
HHP,Samsung galaxy s7 flat 4-32gb sein mulus,Rp2.500.000,https://www.bukalapak.com/p/handphone/hp-smartphone/1vkjs8t-jual-samsung-galaxy-s7-flat-4-32gb-sein-mulus?from=trend&keyword=&funnel=omnisearch&product_owner=normal_seller&pos=10&cf=1&ssa=1&sort_origin=last_relist_at%3Adesc&search_sort_default=false&promoted=0
HHP,samsung galaxy s7 flat 4-32gb silver mulus,Rp3.575.000,https://www.bukalapak.com/p/handphone/hp-smartphone/la8k5s-jual-samsung-galaxy-s7-flat-4-32gb-silver-mulus?from=trend&keyword=&funnel=omnisearch&product_owner=normal_seller&pos=11&cf=1&ssa=1&sort_origin=last_relist_at%3Adesc&search_sort_default=false&promoted=0
HHP,Promo  Bayar Di Tempat Pelindung Lensa Kamera Tipis 0 15mm untuk Samsung Galaxy S6 S7 S8 Plus Diskon,Rp77.000,https://www.bukalapak.com/p/handphone/hp-smartphone/3dzeg95-jual-promo-bayar-di-tempat-pelindung-lensa-kamera-tipis-0-15mm-untuk-samsung-galaxy-s6-s7-s8-plus-diskon?from=trend&keyword=&funnel=omnisearch&product_owner=normal_seller&pos=12&cf=1&ssa=1&sort_origin=last_relist_at%3Adesc&search_sort_default=false&promoted=0
HHP,Super Sale Samsung Galaxy S7 Edge Black Onyx 4.32Gb Bnib Garansi Resmi Sein - Silver Titanium,Rp7.450.000,https://www.bukalapak.com/p/handphone/hp-smartphone/3hz0345-jual-super-sale-samsung-galaxy-s7-edge-black-onyx-4-32gb-bnib-garansi-resmi-sein-silver-titanium?from=trend&keyword=&funnel=omnisearch&product_owner=normal_seller&pos=13&cf=1&ssa=1&sort_origin=last_relist_at%3Adesc&search_sort_default=false&promoted=0
HHP,BACK DOOR BACK CASSING ORIGINALL SAMSUNG GALAXY S7 EDGE,Rp57.400,https://www.bukalapak.com/p/handphone/hp-smartphone/31od9hh-jual-back-door-back-cassing-originall-samsung-galaxy-s7-edge?from=trend&keyword=&funnel=omnisearch&product_owner=normal_seller&pos=14&cf=1&ssa=1&sort_origin=last_relist_at%3Adesc&search_sort_default=false&promoted=0
HHP,Lem adhesive cover belakang Samsung Galaxy S7 flat,Rp28.000,https://www.bukalapak.com/p/handphone/hp-smartphone/31r4r2u-jual-lem-adhesive-cover-belakang-samsung-galaxy-s7-flat?from=trend&keyword=&funnel=omnisearch&product_owner=normal_seller&pos=15&cf=1&ssa=1&sort_origin=last_relist_at%3Adesc&search_sort_default=false&promoted=0
HHP,handphone samsung galaxy s7 bekas hp s 7 flat seken original smartphone s7 global 32Gb,Rp2.225.000,https://www.bukalapak.com/p/handphone/hp-smartphone/2ae1l6v-jual-handphone-samsung-galaxy-s7-bekas-hp-s-7-flat-seken-original-smartphone-s7-global-32gb?from=trend&keyword=&funnel=omnisearch&product_owner=normal_seller&pos=16&cf=1&ssa=1&sort_origin=last_relist_at%3Adesc&search_sort_default=false&promoted=0
HHP,BACK DOOR BACK CASSING ORIGINALL SAMSUNG GALAXY S7 EDGE,Rp57.400,https://www.bukalapak.com/p/handphone/hp-smartphone/31o8w4r-jual-back-door-back-cassing-originall-samsung-galaxy-s7-edge?from=trend&keyword=&funnel=omnisearch&product_owner=normal_seller&pos=17&cf=1&ssa=1&sort_origin=last_relist_at%3Adesc&search_sort_default=false&promoted=0
HHP,Samsung SGH A800 Nyala Original Langka Bukan Galaxy Chat Note Beam S7 S8 S9 S10 M20 J7 Plus Pro Sony Ericsson W995 W980 C901 Xperia Ray U SP Active,Rp150.000,https://www.bukalapak.com/p/handphone/hp-smartphone/1yrdzoo-jual-samsung-sgh-a800-nyala-original-langka-bukan-galaxy-chat-note-beam-s7-s8-s9-s10-m20-j7-plus-pro-sony-ericsson-w995-w980-c901-xperia-ray-u-sp-active?from=trend&keyword=&funnel=omnisearch&product_owner=normal_seller&pos=18&cf=1&ssa=0&sort_origin=last_relist_at%3Adesc&search_sort_default=false&promoted=0
HHP,Samsung SGH-X650 Flip Mulus Original Langka Bukan S8 S7 Galaxy Note Sony Ericsson W995 W980 W902 C901 Xperia Ray U SP Active Ion Nokia E90 E7 N93i N8,Rp150.000,https://www.bukalapak.com/p/handphone/hp-smartphone/1rmpbmn-jual-samsung-sgh-x650-flip-mulus-original-langka-bukan-s8-s7-galaxy-note-sony-ericsson-w995-w980-w902-c901-xperia-ray-u-sp-active-ion-nokia-e90-e7-n93i-n8?from=trend&keyword=&funnel=omnisearch&product_owner=normal_seller&pos=19&cf=1&ssa=0&sort_origin=last_relist_at%3Adesc&search_sort_default=false&promoted=0
HHP,Samsung Galaxy S7 Edge Black Onyx 4.32Gb Bnib Garansi Resmi Sein - Silver Titanium Cuci Gudang,Rp7.500.000,https://www.bukalapak.com/p/handphone/hp-smartphone/3u3uh17-jual-samsung-galaxy-s7-edge-black-onyx-4-32gb-bnib-garansi-resmi-sein-silver-titanium-cuci-gudang?from=trend&keyword=&funnel=omnisearch&product_owner=normal_seller&pos=20&cf=1&ssa=1&sort_origin=last_relist_at%3Adesc&search_sort_default=false&promoted=0
HHP,Grosir - Samsung Galaxy S7 edge Black Onyx 4 32gb BNIB Garansi Resmi SEIN - Silver Titanium,Rp6.600.000,https://www.bukalapak.com/p/handphone/hp-smartphone/2ji7szq-jual-grosir-samsung-galaxy-s7-edge-black-onyx-4-32gb-bnib-garansi-resmi-sein-silver-titanium?from=trend&keyword=&funnel=omnisearch&product_owner=normal_seller&pos=21&cf=1&ssa=1&sort_origin=last_relist_at%3Adesc&search_sort_default=false&promoted=0
HHP,Samsung Galaxy S7 Edge 4-32 GB Global Termurah,Rp3.450.000,https://www.bukalapak.com/p/handphone/hp-smartphone/zue64z-jual-samsung-galaxy-s7-edge-4-32-gb-global-termurah?from=trend&keyword=&funnel=omnisearch&product_owner=normal_seller&pos=22&cf=1&ssa=1&sort_origin=last_relist_at%3Adesc&search_sort_default=false&promoted=0
HHP,TG HOGO Full Glue SAMSUNG Galaxy S7   Hitam,Rp97.500,https://www.bukalapak.com/p/handphone/hp-smartphone/2wgq6h0-jual-tg-hogo-full-glue-samsung-galaxy-s7-hitam?from=trend&keyword=&funnel=omnisearch&product_owner=normal_seller&pos=23&cf=1&ssa=1&sort_origin=last_relist_at%3Adesc&search_sort_default=false&promoted=0
HHP,Terlaris - 100 ORIGINAL SAMSUNG Battery EB-BG935ABE Galaxy S7 Edge,Rp325.000,https://www.bukalapak.com/p/handphone/hp-smartphone/2dgrm5g-jual-terlaris-100-original-samsung-battery-eb-bg935abe-galaxy-s7-edge?from=trend&keyword=&funnel=omnisearch&product_owner=normal_seller&pos=24&cf=1&ssa=1&sort_origin=last_relist_at%3Adesc&search_sort_default=false&promoted=0
HHP,BATERAI SAMSUNG GALAXY S7 FLAT BATRE SAMSUNG S7 G930,Rp92.600,https://www.bukalapak.com/p/handphone/hp-smartphone/3gj643m-jual-baterai-samsung-galaxy-s7-flat-batre-samsung-s7-g930?from=trend&keyword=&funnel=omnisearch&product_owner=normal_seller&pos=25&cf=1&ssa=1&sort_origin=last_relist_at%3Adesc&search_sort_default=false&promoted=0
HHP,Terlaris - Baterai batere battery original Samsung Galaxy S7 flat,Rp129.000,https://www.bukalapak.com/p/handphone/hp-smartphone/2dq7418-jual-terlaris-baterai-batere-battery-original-samsung-galaxy-s7-flat?from=trend&keyword=&funnel=omnisearch&product_owner=normal_seller&pos=26&cf=1&ssa=1&sort_origin=last_relist_at%3Adesc&search_sort_default=false&promoted=0
HHP,TG HOGO Full Glue SAMSUNG Galaxy S7   Hitam,Rp91.000,https://www.bukalapak.com/p/handphone/hp-smartphone/3gafgs9-jual-tg-hogo-full-glue-samsung-galaxy-s7-hitam?from=trend&keyword=&funnel=omnisearch&product_owner=normal_seller&pos=27&cf=1&ssa=1&sort_origin=last_relist_at%3Adesc&search_sort_default=false&promoted=0
HHP,TG HOGO Full Glue SAMSUNG Galaxy S7   Hitam,Rp91.000,https://www.bukalapak.com/p/handphone/hp-smartphone/3ar6b7s-jual-tg-hogo-full-glue-samsung-galaxy-s7-hitam?from=trend&keyword=&funnel=omnisearch&product_owner=normal_seller&pos=28&cf=1&ssa=1&sort_origin=last_relist_at%3Adesc&search_sort_default=false&promoted=0
HHP,Terlaris - Samsung Flip Cover Clear View Stand Case for Galaxy S7 Edge,Rp172.000,https://www.bukalapak.com/p/handphone/hp-smartphone/3dgl7es-jual-terlaris-samsung-flip-cover-clear-view-stand-case-for-galaxy-s7-edge?from=trend&keyword=&funnel=omnisearch&product_owner=normal_seller&pos=29&cf=1&ssa=1&sort_origin=last_relist_at%3Adesc&search_sort_default=false&promoted=0
HHP,Lem adhesive cover belakang Samsung Galaxy S7 flat,Rp28.000,https://www.bukalapak.com/p/handphone/hp-smartphone/32f7999-jual-lem-adhesive-cover-belakang-samsung-galaxy-s7-flat?from=trend&keyword=&funnel=omnisearch&product_owner=normal_seller&pos=0&cf=1&ssa=1&sort_origin=last_relist_at%3Adesc&search_sort_default=false&promoted=0
HHP,Skin   Premium Matte Guard Back   Screen Protection for Samsung Galaxy S7 Edge,Rp206.400,https://www.bukalapak.com/p/handphone/hp-smartphone/3ndxeq6-jual-skin-premium-matte-guard-back-screen-protection-for-samsung-galaxy-s7-edge?from=trend&keyword=&funnel=omnisearch&product_owner=normal_seller&pos=1&cf=1&ssa=1&sort_origin=last_relist_at%3Adesc&search_sort_default=false&promoted=0
HHP,Keyboard Cover Samsung Galaxy S7 Original  Gold,Rp638.400,https://www.bukalapak.com/p/handphone/hp-smartphone/3nf7zd2-jual-keyboard-cover-samsung-galaxy-s7-original-gold?from=trend&keyword=&funnel=omnisearch&product_owner=normal_seller&pos=2&cf=1&ssa=1&sort_origin=last_relist_at%3Adesc&search_sort_default=false&promoted=0
HHP,Flip Case Samsung Galaxy S7 S7flat S7 flat Clear View Standing Cover,Rp96.300,https://www.bukalapak.com/p/handphone/hp-smartphone/3i1rc5t-jual-flip-case-samsung-galaxy-s7-s7flat-s7-flat-clear-view-standing-cover?from=trend&keyword=&funnel=omnisearch&product_owner=normal_seller&pos=3&cf=1&ssa=1&sort_origin=last_relist_at%3Adesc&search_sort_default=false&promoted=0
HHP,Lem adhesive cover belakang Samsung Galaxy S7 flat,Rp28.000,https://www.bukalapak.com/p/handphone/hp-smartphone/2yd1wk2-jual-lem-adhesive-cover-belakang-samsung-galaxy-s7-flat?from=trend&keyword=&funnel=omnisearch&product_owner=normal_seller&pos=4&cf=1&ssa=1&sort_origin=last_relist_at%3Adesc&search_sort_default=false&promoted=0
HHP,Diskon - Flip Case S7 Wallet Leather Cover Samsung Galaxy S7 Edge Case Dompet - Hitam,Rp84.600,https://www.bukalapak.com/p/handphone/hp-smartphone/3i0xmr2-jual-diskon-flip-case-s7-wallet-leather-cover-samsung-galaxy-s7-edge-case-dompet-hitam?from=trend&keyword=&funnel=omnisearch&product_owner=normal_seller&pos=5&cf=1&ssa=1&sort_origin=last_relist_at%3Adesc&search_sort_default=false&promoted=0
HHP,Ready Stock - Samsung galaxy S7 edge Flip Case Caseme Cover Leather Wallet Dompet - Coklat Muda,Rp136.000,https://www.bukalapak.com/p/handphone/hp-smartphone/3i1balw-jual-ready-stock-samsung-galaxy-s7-edge-flip-case-caseme-cover-leather-wallet-dompet-coklat-muda?from=trend&keyword=&funnel=omnisearch&product_owner=normal_seller&pos=6&cf=1&ssa=1&sort_origin=last_relist_at%3Adesc&search_sort_default=false&promoted=0
HHP,Promo - Mirror Cover Flip Case for Samsung Galaxy S7 flat,Rp88.000,https://www.bukalapak.com/p/handphone/hp-smartphone/3i0udfw-jual-promo-mirror-cover-flip-case-for-samsung-galaxy-s7-flat?from=trend&keyword=&funnel=omnisearch&product_owner=normal_seller&pos=7&cf=1&ssa=1&sort_origin=last_relist_at%3Adesc&search_sort_default=false&promoted=0
HHP,Diskon - Clear View Cover Case SAMSUNG GALAXY S7 EDGE ORIGINAL Flip Case - Hitam,Rp856.000,https://www.bukalapak.com/p/handphone/hp-smartphone/3i32bdz-jual-diskon-clear-view-cover-case-samsung-galaxy-s7-edge-original-flip-case-hitam?from=trend&keyword=&funnel=omnisearch&product_owner=normal_seller&pos=8&cf=1&ssa=1&sort_origin=last_relist_at%3Adesc&search_sort_default=false&promoted=0
HHP,Flip Cover Case Casing Samsung Galaxy S7 Edge Clear S View Auto Lock,Rp220.000,https://www.bukalapak.com/p/handphone/hp-smartphone/3hz88sw-jual-flip-cover-case-casing-samsung-galaxy-s7-edge-clear-s-view-auto-lock?from=trend&keyword=&funnel=omnisearch&product_owner=normal_seller&pos=9&cf=1&ssa=1&sort_origin=last_relist_at%3Adesc&search_sort_default=false&promoted=0
HHP,KACA LCD KACA TOUSCREN DIGITIZER ORIGINALL SAMSUNG GALAXY S7 EDGE,Rp99.400,https://www.bukalapak.com/p/handphone/hp-smartphone/2umfj6k-jual-kaca-lcd-kaca-touscren-digitizer-originall-samsung-galaxy-s7-edge?from=trend&keyword=&funnel=omnisearch&product_owner=normal_seller&pos=10&cf=1&ssa=1&sort_origin=last_relist_at%3Adesc&search_sort_default=false&promoted=0
HHP,Ready Stock - flip cover mirror for samsung galaxy S6 S6 Edge S7 S7 Edge,Rp115.000,https://www.bukalapak.com/p/handphone/hp-smartphone/3h3rpzh-jual-ready-stock-flip-cover-mirror-for-samsung-galaxy-s6-s6-edge-s7-s7-edge?from=trend&keyword=&funnel=omnisearch&product_owner=normal_seller&pos=11&cf=1&ssa=1&sort_origin=last_relist_at%3Adesc&search_sort_default=false&promoted=0
HHP,Promo - Samsung Galaxy S7 EDGE PU Leather Luxury Mirror Clear View Flip Cover,Rp58.200,https://www.bukalapak.com/p/handphone/hp-smartphone/3h7gdzq-jual-promo-samsung-galaxy-s7-edge-pu-leather-luxury-mirror-clear-view-flip-cover?from=trend&keyword=&funnel=omnisearch&product_owner=normal_seller&pos=12&cf=1&ssa=1&sort_origin=last_relist_at%3Adesc&search_sort_default=false&promoted=0
HHP,BACK DOOR BACK CASSING ORIGINALL SAMSUNG GALAXY S7 EDGE,Rp57.400,https://www.bukalapak.com/p/handphone/hp-smartphone/2xs5ngh-jual-back-door-back-cassing-originall-samsung-galaxy-s7-edge?from=trend&keyword=&funnel=omnisearch&product_owner=normal_seller&pos=13&cf=1&ssa=1&sort_origin=last_relist_at%3Adesc&search_sort_default=false&promoted=0
HHP,Sale Samsung Galaxy S7 edge Black Onyx 4 32gb BNIB Garansi Resmi SEIN - Silver Titanium,Rp6.550.000,https://www.bukalapak.com/p/handphone/hp-smartphone/3h4hjqg-jual-sale-samsung-galaxy-s7-edge-black-onyx-4-32gb-bnib-garansi-resmi-sein-silver-titanium?from=trend&keyword=&funnel=omnisearch&product_owner=normal_seller&pos=14&cf=1&ssa=1&sort_origin=last_relist_at%3Adesc&search_sort_default=false&promoted=0
HHP,flip cover mirror for samsung galaxy S6 S6 Edge S7 S7 Edge,Rp113.000,https://www.bukalapak.com/p/handphone/hp-smartphone/397liz7-jual-flip-cover-mirror-for-samsung-galaxy-s6-s6-edge-s7-s7-edge?from=trend&keyword=&funnel=omnisearch&product_owner=normal_seller&pos=15&cf=1&ssa=1&sort_origin=last_relist_at%3Adesc&search_sort_default=false&promoted=0
HHP,Terlaris - Flip Wallet Leather Book Cover Case Samsung Galaxy S7 Edge S7Edge,Rp107.000,https://www.bukalapak.com/p/handphone/hp-smartphone/396mufk-jual-terlaris-flip-wallet-leather-book-cover-case-samsung-galaxy-s7-edge-s7edge?from=trend&keyword=&funnel=omnisearch&product_owner=normal_seller&pos=16&cf=1&ssa=1&sort_origin=last_relist_at%3Adesc&search_sort_default=false&promoted=0
HHP,BACK DOOR BACK CASSING ORIGINALL SAMSUNG GALAXY S7 EDGE,Rp57.400,https://www.bukalapak.com/p/handphone/hp-smartphone/32cckau-jual-back-door-back-cassing-originall-samsung-galaxy-s7-edge?from=trend&keyword=&funnel=omnisearch&product_owner=normal_seller&pos=17&cf=1&ssa=1&sort_origin=last_relist_at%3Adesc&search_sort_default=false&promoted=0
HHP,Backdoor casing belakang tutup baterai Samsung Galaxy S7 Edge plus ring kaca kamera   flash camera,Rp88.200,https://www.bukalapak.com/p/handphone/hp-smartphone/361246l-jual-backdoor-casing-belakang-tutup-baterai-samsung-galaxy-s7-edge-plus-ring-kaca-kamera-flash-camera?from=trend&keyword=&funnel=omnisearch&product_owner=normal_seller&pos=18&cf=1&ssa=1&sort_origin=last_relist_at%3Adesc&search_sort_default=false&promoted=0
HHP,BACK DOOR BACK CASSING ORIGINALL SAMSUNG GALAXY S7 EDGE,Rp57.400,https://www.bukalapak.com/p/handphone/hp-smartphone/33n5fj3-jual-back-door-back-cassing-originall-samsung-galaxy-s7-edge?from=trend&keyword=&funnel=omnisearch&product_owner=normal_seller&pos=19&cf=1&ssa=1&sort_origin=last_relist_at%3Adesc&search_sort_default=false&promoted=0
HHP,Lem adhesive cover belakang Samsung Galaxy S7 flat,Rp28.000,https://www.bukalapak.com/p/handphone/hp-smartphone/33o5h9j-jual-lem-adhesive-cover-belakang-samsung-galaxy-s7-flat?from=trend&keyword=&funnel=omnisearch&product_owner=normal_seller&pos=20&cf=1&ssa=1&sort_origin=last_relist_at%3Adesc&search_sort_default=false&promoted=0
HHP,Diskon Samsung Galaxy S7 EDGE Leather Case Casing Kulit Flip Wallet Cover - Cokelat Tua,Rp120.000,https://www.bukalapak.com/p/handphone/hp-smartphone/3i0oifw-jual-diskon-samsung-galaxy-s7-edge-leather-case-casing-kulit-flip-wallet-cover-cokelat-tua?from=trend&keyword=&funnel=omnisearch&product_owner=normal_seller&pos=21&cf=1&ssa=1&sort_origin=last_relist_at%3Adesc&search_sort_default=false&promoted=0
HHP,BATERAI SAMSUNG GALAXY S7 FLAT BATRE SAMSUNG S7 G930,Rp82.600,https://www.bukalapak.com/p/handphone/hp-smartphone/3a7ch7g-jual-baterai-samsung-galaxy-s7-flat-batre-samsung-s7-g930?from=trend&keyword=&funnel=omnisearch&product_owner=normal_seller&pos=22&cf=1&ssa=1&sort_origin=last_relist_at%3Adesc&search_sort_default=false&promoted=0
HHP,Batre Batere Baterai Battery Samsung Galaxy S7 Edge G935 Original 100,Rp120.000,https://www.bukalapak.com/p/handphone/hp-smartphone/2ee3t99-jual-batre-batere-baterai-battery-samsung-galaxy-s7-edge-g935-original-100?from=trend&keyword=&funnel=omnisearch&product_owner=normal_seller&pos=23&cf=1&ssa=1&sort_origin=last_relist_at%3Adesc&search_sort_default=false&promoted=0
HHP,Sale Batre Baterai Battery Samsung galaxy S7 flat G930 Original 100,Rp137.000,https://www.bukalapak.com/p/handphone/hp-smartphone/39eu8ss-jual-sale-batre-baterai-battery-samsung-galaxy-s7-flat-g930-original-100?from=trend&keyword=&funnel=omnisearch&product_owner=normal_seller&pos=24&cf=1&ssa=1&sort_origin=last_relist_at%3Adesc&search_sort_default=false&promoted=0
HHP,Backdoor casing belakang tutup baterai Samsung Galaxy S7 Edge plus ring kaca kamera   flash camera,Rp88.200,https://www.bukalapak.com/p/handphone/hp-smartphone/36qvzfc-jual-backdoor-casing-belakang-tutup-baterai-samsung-galaxy-s7-edge-plus-ring-kaca-kamera-flash-camera?from=trend&keyword=&funnel=omnisearch&product_owner=normal_seller&pos=25&cf=1&ssa=1&sort_origin=last_relist_at%3Adesc&search_sort_default=false&promoted=0
HHP,Flip Samsung Galaxy S7 Edge S7edge CLEAR View Standing Cover Original,Rp106.000,https://www.bukalapak.com/p/handphone/hp-smartphone/3h6md10-jual-flip-samsung-galaxy-s7-edge-s7edge-clear-view-standing-cover-original?from=trend&keyword=&funnel=omnisearch&product_owner=normal_seller&pos=26&cf=1&ssa=1&sort_origin=last_relist_at%3Adesc&search_sort_default=false&promoted=0
HHP,Promo - CLEAR VIEW STANDING COVER SAMSUNG GALAXY S7 EDGE,Rp50.500,https://www.bukalapak.com/p/handphone/hp-smartphone/3gz3dd9-jual-promo-clear-view-standing-cover-samsung-galaxy-s7-edge?from=trend&keyword=&funnel=omnisearch&product_owner=normal_seller&pos=27&cf=1&ssa=1&sort_origin=last_relist_at%3Adesc&search_sort_default=false&promoted=0
HHP,Super Murah - Flip Cover Samsung Galaxy S7 Edge S7Edge Wallet Leather Case - Cokelat Tua,Rp122.000,https://www.bukalapak.com/p/handphone/hp-smartphone/3h06tox-jual-super-murah-flip-cover-samsung-galaxy-s7-edge-s7edge-wallet-leather-case-cokelat-tua?from=trend&keyword=&funnel=omnisearch&product_owner=normal_seller&pos=28&cf=1&ssa=1&sort_origin=last_relist_at%3Adesc&search_sort_default=false&promoted=0
HHP,Super Sale - Leather Flip Cover Wallet Samsung Galaxy S7 Flat Dompet Kulit Case HP,Rp87.900,https://www.bukalapak.com/p/handphone/hp-smartphone/3h3f7w5-jual-super-sale-leather-flip-cover-wallet-samsung-galaxy-s7-flat-dompet-kulit-case-hp?from=trend&keyword=&funnel=omnisearch&product_owner=normal_seller&pos=29&cf=1&ssa=1&sort_origin=last_relist_at%3Adesc&search_sort_default=false&promoted=0
